alert_id,entity_id,asset_id,category,severity,created_at,first_ack_at,closed_at,disposition,escalated,escalated_at,case_id
AL-000001,CSE-001,AST-001-3,malware,critical,2026-08-27T18:28:00+00:00,2026-08-27T18:33:00+00:00,2026-08-28T02:35:00+00:00,benign,False,,
AL-000002,CSE-001,AST-001-3,phishing,medium,2026-08-06T03:33:00+00:00,2026-08-06T03:38:00+00:00,2026-08-06T08:36:00+00:00,unresolved,False,,
AL-000003,CSE-001,AST-001-2,phishing,medium,2026-08-18T19:56:00+00:00,2026-08-18T20:01:00+00:00,2026-08-19T04:20:00+00:00,false_positive,False,,
AL-000004,CSE-001,AST-001-2,phishing,high,2026-08-04T18:02:00+00:00,2026-08-04T18:07:00+00:00,2026-08-05T01:59:00+00:00,benign,False,,
AL-000005,CSE-001,AST-001-3,malware,critical,2026-08-20T05:15:00+00:00,2026-08-20T05:20:00+00:00,2026-08-20T13:06:00+00:00,benign,False,,
AL-000006,CSE-001,AST-001-3,phishing,low,2026-08-19T22:44:00+00:00,2026-08-19T22:49:00+00:00,2026-08-20T03:56:00+00:00,true_positive,False,,
AL-000007,CSE-001,AST-001-3,malware,critical,2026-08-03T17:56:00+00:00,2026-08-03T18:01:00+00:00,2026-08-04T01:27:00+00:00,false_positive,False,,
AL-000008,CSE-001,AST-001-2,intrusion,low,2026-08-16T21:12:00+00:00,2026-08-16T21:17:00+00:00,2026-08-17T02:21:00+00:00,false_positive,False,,
AL-000009,CSE-001,AST-001-2,phishing,medium,2026-08-23T22:05:00+00:00,2026-08-23T22:10:00+00:00,2026-08-24T07:32:00+00:00,benign,False,,
AL-000010,CSE-001,AST-001-3,DoS,low,2026-08-10T04:37:00+00:00,2026-08-10T04:42:00+00:00,2026-08-10T12:31:00+00:00,benign,False,,
AL-000011,CSE-001,AST-001-3,DoS,low,2026-08-19T06:19:00+00:00,2026-08-19T06:24:00+00:00,2026-08-19T09:28:00+00:00,true_positive,False,,
AL-000012,CSE-001,AST-001-3,intrusion,low,2026-08-24T16:52:00+00:00,2026-08-24T16:57:00+00:00,2026-08-25T01:02:00+00:00,benign,False,,
AL-000013,CSE-001,AST-001-2,malware,high,2026-08-10T01:13:00+00:00,2026-08-10T01:18:00+00:00,2026-08-10T08:47:00+00:00,false_positive,False,,
AL-000014,CSE-001,AST-001-3,phishing,medium,2026-08-23T09:09:00+00:00,2026-08-23T09:14:00+00:00,2026-08-23T11:10:00+00:00,false_positive,False,,
AL-000015,CSE-001,AST-001-2,phishing,medium,2026-08-28T04:53:00+00:00,2026-08-28T04:58:00+00:00,2026-08-28T12:46:00+00:00,false_positive,False,,
AL-000016,CSE-001,AST-001-3,malware,low,2026-08-07T10:45:00+00:00,2026-08-07T10:50:00+00:00,2026-08-07T14:29:00+00:00,false_positive,False,,
AL-000017,CSE-001,AST-001-2,DoS,high,2026-08-22T11:32:00+00:00,2026-08-22T11:37:00+00:00,2026-08-22T18:29:00+00:00,true_positive,False,,
AL-000018,CSE-001,AST-001-3,phishing,low,2026-08-22T08:10:00+00:00,2026-08-22T08:15:00+00:00,2026-08-22T13:04:00+00:00,false_positive,False,,
AL-000019,CSE-001,AST-001-2,intrusion,medium,2026-08-07T18:25:00+00:00,2026-08-07T18:30:00+00:00,2026-08-07T23:05:00+00:00,benign,False,,
AL-000020,CSE-001,AST-001-2,phishing,low,2026-08-25T15:48:00+00:00,2026-08-25T15:53:00+00:00,2026-08-25T17:45:00+00:00,benign,False,,
AL-000021,CSE-001,AST-001-3,intrusion,low,2026-08-17T02:33:00+00:00,2026-08-17T02:38:00+00:00,2026-08-17T11:39:00+00:00,true_positive,False,,
AL-000022,CSE-001,AST-001-2,phishing,medium,2026-08-10T07:22:00+00:00,2026-08-10T07:27:00+00:00,2026-08-10T09:51:00+00:00,false_positive,False,,
AL-000023,CSE-001,AST-001-2,intrusion,medium,2026-08-12T05:20:00+00:00,2026-08-12T05:25:00+00:00,2026-08-12T14:58:00+00:00,true_positive,False,,
AL-000024,CSE-001,AST-001-3,DoS,high,2026-08-02T14:32:00+00:00,2026-08-02T14:37:00+00:00,2026-08-02T21:42:00+00:00,false_positive,False,,
AL-000025,CSE-001,AST-001-3,malware,high,2026-08-22T20:36:00+00:00,2026-08-22T20:41:00+00:00,2026-08-23T03:44:00+00:00,false_positive,False,,
AL-000026,CSE-001,AST-001-3,intrusion,high,2026-08-27T16:55:00+00:00,2026-08-27T17:00:00+00:00,2026-08-28T01:41:00+00:00,true_positive,False,,
AL-000027,CSE-001,AST-001-2,DoS,low,2026-08-07T01:11:00+00:00,2026-08-07T01:16:00+00:00,2026-08-07T07:23:00+00:00,benign,False,,
AL-000028,CSE-001,AST-001-2,phishing,medium,2026-08-16T05:03:00+00:00,2026-08-16T05:08:00+00:00,2026-08-16T12:31:00+00:00,benign,False,,
AL-000029,CSE-001,AST-001-3,malware,low,2026-08-27T18:06:00+00:00,2026-08-27T18:11:00+00:00,2026-08-28T00:56:00+00:00,false_positive,False,,
AL-000030,CSE-001,AST-001-3,malware,low,2026-08-25T07:06:00+00:00,2026-08-25T07:11:00+00:00,2026-08-25T12:32:00+00:00,true_positive,False,,
AL-000031,CSE-001,AST-001-3,phishing,low,2026-08-25T10:05:00+00:00,2026-08-25T10:10:00+00:00,2026-08-25T16:22:00+00:00,unresolved,False,,
AL-000032,CSE-001,AST-001-2,DoS,medium,2026-08-17T12:52:00+00:00,2026-08-17T12:57:00+00:00,2026-08-17T16:59:00+00:00,true_positive,False,,
AL-000033,CSE-001,AST-001-2,phishing,high,2026-08-18T08:58:00+00:00,2026-08-18T09:03:00+00:00,2026-08-18T17:44:00+00:00,false_positive,False,,
AL-000034,CSE-001,AST-001-3,intrusion,critical,2026-08-16T06:29:00+00:00,2026-08-16T06:34:00+00:00,2026-08-16T13:34:00+00:00,false_positive,False,,
AL-000035,CSE-001,AST-001-2,malware,medium,2026-08-02T20:11:00+00:00,2026-08-02T20:16:00+00:00,2026-08-03T00:10:00+00:00,false_positive,False,,
AL-000036,CSE-001,AST-001-3,intrusion,high,2026-08-19T22:53:00+00:00,2026-08-19T22:58:00+00:00,2026-08-20T06:44:00+00:00,false_positive,False,,
AL-000037,CSE-001,AST-001-2,phishing,medium,2026-08-27T08:26:00+00:00,2026-08-27T08:31:00+00:00,2026-08-27T10:30:00+00:00,benign,False,,
AL-000038,CSE-001,AST-001-3,malware,high,2026-08-09T10:01:00+00:00,2026-08-09T10:06:00+00:00,2026-08-09T18:55:00+00:00,benign,False,,
AL-000039,CSE-001,AST-001-2,DoS,medium,2026-08-23T15:26:00+00:00,2026-08-23T15:31:00+00:00,2026-08-23T16:46:00+00:00,false_positive,False,,
AL-000040,CSE-001,AST-001-3,intrusion,low,2026-08-17T03:49:00+00:00,2026-08-17T03:54:00+00:00,2026-08-17T12:05:00+00:00,unresolved,False,,
AL-000041,CSE-001,AST-001-2,malware,low,2026-08-12T11:12:00+00:00,2026-08-12T11:17:00+00:00,2026-08-12T16:50:00+00:00,unresolved,False,,
AL-000042,CSE-001,AST-001-2,DoS,medium,2026-08-15T00:56:00+00:00,2026-08-15T01:01:00+00:00,2026-08-15T02:20:00+00:00,unresolved,False,,
AL-000043,CSE-001,AST-001-3,intrusion,high,2026-08-27T20:43:00+00:00,2026-08-27T20:48:00+00:00,2026-08-28T04:36:00+00:00,false_positive,False,,
AL-000044,CSE-001,AST-001-3,malware,high,2026-08-21T08:07:00+00:00,2026-08-21T08:12:00+00:00,2026-08-21T15:44:00+00:00,false_positive,False,,
AL-000045,CSE-001,AST-001-3,malware,low,2026-08-09T03:19:00+00:00,2026-08-09T03:24:00+00:00,2026-08-09T11:02:00+00:00,unresolved,False,,
AL-000046,CSE-001,AST-001-2,intrusion,high,2026-08-29T13:48:00+00:00,2026-08-29T13:53:00+00:00,2026-08-29T21:38:00+00:00,true_positive,False,,
AL-000047,CSE-001,AST-001-3,DoS,high,2026-08-13T02:50:00+00:00,2026-08-13T02:55:00+00:00,2026-08-13T12:07:00+00:00,false_positive,False,,
AL-000048,CSE-001,AST-001-3,malware,medium,2026-08-21T05:00:00+00:00,2026-08-21T05:05:00+00:00,2026-08-21T14:44:00+00:00,true_positive,False,,
AL-000049,CSE-001,AST-001-3,malware,low,2026-08-25T10:43:00+00:00,2026-08-25T10:48:00+00:00,2026-08-25T13:47:00+00:00,benign,False,,
AL-000050,CSE-001,AST-001-2,malware,medium,2026-08-21T21:37:00+00:00,2026-08-21T21:42:00+00:00,2026-08-22T03:10:00+00:00,benign,False,,
AL-000051,CSE-001,AST-001-3,intrusion,high,2026-08-05T10:27:00+00:00,2026-08-05T10:32:00+00:00,2026-08-05T17:14:00+00:00,true_positive,False,,
AL-000052,CSE-001,AST-001-2,intrusion,critical,2026-08-26T21:53:00+00:00,2026-08-26T21:58:00+00:00,2026-08-27T05:26:00+00:00,false_positive,False,,
AL-000053,CSE-001,AST-001-3,intrusion,critical,2026-08-15T18:11:00+00:00,2026-08-15T18:16:00+00:00,2026-08-16T02:02:00+00:00,unresolved,False,,
AL-000054,CSE-001,AST-001-3,phishing,medium,2026-08-29T18:42:00+00:00,2026-08-29T18:47:00+00:00,2026-08-29T21:02:00+00:00,true_positive,False,,
AL-000055,CSE-001,AST-001-3,malware,medium,2026-08-26T10:20:00+00:00,2026-08-26T10:25:00+00:00,2026-08-26T11:23:00+00:00,benign,False,,
AL-000056,CSE-001,AST-001-3,malware,high,2026-08-03T10:37:00+00:00,2026-08-03T10:42:00+00:00,2026-08-03T17:16:00+00:00,benign,False,,
AL-000057,CSE-001,AST-001-2,intrusion,high,2026-08-11T06:10:00+00:00,2026-08-11T06:15:00+00:00,2026-08-11T13:34:00+00:00,false_positive,False,,
AL-000058,CSE-001,AST-001-3,intrusion,medium,2026-08-15T02:36:00+00:00,2026-08-15T02:41:00+00:00,2026-08-15T11:59:00+00:00,benign,False,,
AL-000059,CSE-001,AST-001-2,DoS,medium,2026-08-18T12:52:00+00:00,2026-08-18T12:57:00+00:00,2026-08-18T22:12:00+00:00,benign,False,,
AL-000060,CSE-001,AST-001-2,DoS,medium,2026-08-05T08:14:00+00:00,2026-08-05T08:19:00+00:00,2026-08-05T14:00:00+00:00,false_positive,False,,
AL-000061,CSE-001,AST-001-2,intrusion,high,2026-08-30T11:00:00+00:00,2026-08-30T11:00:00+00:00,2026-08-30T11:02:00+00:00,true_positive,True,2026-08-30T11:01:00+00:00,
AL-000062,CSE-002,AST-002-2,phishing,high,2026-08-08T20:47:00+00:00,2026-08-08T20:52:00+00:00,2026-08-09T07:26:00+00:00,true_positive,False,,
AL-000063,CSE-002,AST-002-1,DoS,high,2026-08-20T02:56:00+00:00,2026-08-20T03:01:00+00:00,2026-08-20T10:01:00+00:00,true_positive,False,,
AL-000064,CSE-002,AST-002-1,intrusion,low,2026-08-03T19:01:00+00:00,2026-08-03T19:06:00+00:00,2026-08-03T21:25:00+00:00,true_positive,False,,
AL-000065,CSE-002,AST-002-1,DoS,low,2026-08-27T03:38:00+00:00,2026-08-27T03:43:00+00:00,2026-08-27T11:00:00+00:00,true_positive,False,,
AL-000066,CSE-002,AST-002-3,DoS,medium,2026-08-28T22:51:00+00:00,2026-08-28T22:56:00+00:00,2026-08-29T04:29:00+00:00,false_positive,False,,
AL-000067,CSE-002,AST-002-3,phishing,medium,2026-08-21T06:41:00+00:00,2026-08-21T06:46:00+00:00,2026-08-21T14:18:00+00:00,benign,False,,
AL-000068,CSE-002,AST-002-1,phishing,low,2026-08-29T05:45:00+00:00,2026-08-29T05:50:00+00:00,2026-08-29T14:45:00+00:00,false_positive,False,,
AL-000069,CSE-002,AST-002-1,DoS,medium,2026-08-13T22:26:00+00:00,2026-08-13T22:31:00+00:00,2026-08-14T01:58:00+00:00,false_positive,False,,
AL-000070,CSE-002,AST-002-3,intrusion,low,2026-08-15T07:29:00+00:00,2026-08-15T07:34:00+00:00,2026-08-15T09:19:00+00:00,true_positive,False,,
AL-000071,CSE-002,AST-002-3,malware,low,2026-08-03T16:19:00+00:00,2026-08-03T16:24:00+00:00,2026-08-04T00:51:00+00:00,benign,False,,
AL-000072,CSE-002,AST-002-2,DoS,high,2026-08-02T02:14:00+00:00,2026-08-02T02:19:00+00:00,2026-08-02T10:28:00+00:00,benign,False,,
AL-000073,CSE-002,AST-002-3,DoS,medium,2026-08-09T01:38:00+00:00,2026-08-09T01:43:00+00:00,2026-08-09T03:50:00+00:00,false_positive,False,,
AL-000074,CSE-002,AST-002-1,intrusion,medium,2026-08-06T07:45:00+00:00,2026-08-06T07:50:00+00:00,2026-08-06T12:54:00+00:00,benign,False,,
AL-000075,CSE-002,AST-002-2,malware,medium,2026-08-28T17:28:00+00:00,2026-08-28T17:33:00+00:00,2026-08-28T19:43:00+00:00,false_positive,False,,
AL-000076,CSE-002,AST-002-2,intrusion,medium,2026-08-20T16:36:00+00:00,2026-08-20T16:41:00+00:00,2026-08-20T20:54:00+00:00,false_positive,False,,
AL-000077,CSE-002,AST-002-3,DoS,low,2026-08-25T04:42:00+00:00,2026-08-25T04:47:00+00:00,2026-08-25T11:52:00+00:00,unresolved,False,,
AL-000078,CSE-002,AST-002-3,DoS,low,2026-08-05T17:29:00+00:00,2026-08-05T17:34:00+00:00,2026-08-05T22:48:00+00:00,false_positive,False,,
AL-000079,CSE-002,AST-002-2,malware,high,2026-08-16T07:29:00+00:00,2026-08-16T07:34:00+00:00,2026-08-16T15:12:00+00:00,benign,False,,
AL-000080,CSE-002,AST-002-2,DoS,high,2026-08-22T03:27:00+00:00,2026-08-22T03:32:00+00:00,2026-08-22T10:22:00+00:00,benign,False,,
AL-000081,CSE-002,AST-002-2,phishing,medium,2026-08-03T20:26:00+00:00,2026-08-03T20:31:00+00:00,2026-08-03T22:37:00+00:00,true_positive,False,,
AL-000082,CSE-002,AST-002-1,malware,critical,2026-08-13T15:47:00+00:00,2026-08-13T15:52:00+00:00,2026-08-13T23:43:00+00:00,unresolved,False,,
AL-000083,CSE-002,AST-002-3,DoS,medium,2026-08-07T06:36:00+00:00,2026-08-07T06:41:00+00:00,2026-08-07T11:36:00+00:00,benign,False,,
AL-000084,CSE-002,AST-002-2,phishing,low,2026-08-03T01:34:00+00:00,2026-08-03T01:39:00+00:00,2026-08-03T09:03:00+00:00,true_positive,False,,
AL-000085,CSE-002,AST-002-2,intrusion,low,2026-08-12T15:09:00+00:00,2026-08-12T15:14:00+00:00,2026-08-12T17:18:00+00:00,benign,False,,
AL-000086,CSE-002,AST-002-3,phishing,medium,2026-08-16T23:41:00+00:00,2026-08-16T23:46:00+00:00,2026-08-17T07:13:00+00:00,benign,False,,
AL-000087,CSE-002,AST-002-3,DoS,medium,2026-08-16T05:28:00+00:00,2026-08-16T05:33:00+00:00,2026-08-16T07:43:00+00:00,true_positive,False,,
AL-000088,CSE-002,AST-002-2,DoS,low,2026-08-27T02:30:00+00:00,2026-08-27T02:35:00+00:00,2026-08-27T07:53:00+00:00,false_positive,False,,
AL-000089,CSE-002,AST-002-2,DoS,medium,2026-08-08T01:05:00+00:00,2026-08-08T01:10:00+00:00,2026-08-08T08:39:00+00:00,benign,False,,
AL-000090,CSE-002,AST-002-2,intrusion,low,2026-08-08T09:17:00+00:00,2026-08-08T09:22:00+00:00,2026-08-08T17:26:00+00:00,false_positive,False,,
AL-000091,CSE-002,AST-002-3,phishing,low,2026-08-25T22:19:00+00:00,2026-08-25T22:24:00+00:00,2026-08-26T00:05:00+00:00,false_positive,False,,
AL-000092,CSE-002,AST-002-2,DoS,high,2026-08-19T09:13:00+00:00,2026-08-19T09:18:00+00:00,2026-08-19T16:32:00+00:00,unresolved,False,,
AL-000093,CSE-002,AST-002-1,phishing,medium,2026-08-12T17:35:00+00:00,2026-08-12T17:40:00+00:00,2026-08-12T22:53:00+00:00,unresolved,False,,
AL-000094,CSE-002,AST-002-3,phishing,low,2026-08-05T22:57:00+00:00,2026-08-05T23:02:00+00:00,2026-08-06T08:30:00+00:00,benign,False,,
AL-000095,CSE-002,AST-002-2,malware,medium,2026-08-26T22:35:00+00:00,2026-08-26T22:40:00+00:00,2026-08-27T00:40:00+00:00,benign,False,,
AL-000096,CSE-002,AST-002-2,intrusion,high,2026-08-27T17:25:00+00:00,2026-08-27T17:30:00+00:00,2026-08-28T00:16:00+00:00,false_positive,False,,
AL-000097,CSE-002,AST-002-3,phishing,low,2026-08-17T16:09:00+00:00,2026-08-17T16:14:00+00:00,2026-08-17T21:47:00+00:00,benign,False,,
AL-000098,CSE-002,AST-002-3,DoS,critical,2026-08-27T07:02:00+00:00,2026-08-27T07:07:00+00:00,2026-08-27T15:04:00+00:00,false_positive,False,,
AL-000099,CSE-002,AST-002-1,phishing,critical,2026-08-29T05:56:00+00:00,2026-08-29T06:01:00+00:00,2026-08-29T13:19:00+00:00,benign,False,,
AL-000100,CSE-002,AST-002-2,malware,high,2026-08-27T21:04:00+00:00,2026-08-27T21:09:00+00:00,2026-08-28T05:33:00+00:00,false_positive,False,,
AL-000101,CSE-002,AST-002-1,phishing,low,2026-08-05T17:23:00+00:00,2026-08-05T17:28:00+00:00,2026-08-06T01:22:00+00:00,benign,False,,
AL-000102,CSE-002,AST-002-3,phishing,low,2026-08-04T03:02:00+00:00,2026-08-04T03:07:00+00:00,2026-08-04T04:21:00+00:00,true_positive,False,,
AL-000103,CSE-002,AST-002-1,malware,low,2026-08-02T01:54:00+00:00,2026-08-02T01:59:00+00:00,2026-08-02T10:06:00+00:00,benign,False,,
AL-000104,CSE-002,AST-002-3,DoS,critical,2026-08-11T02:18:00+00:00,2026-08-11T02:23:00+00:00,2026-08-11T10:28:00+00:00,benign,False,,
AL-000105,CSE-002,AST-002-1,phishing,low,2026-08-06T04:46:00+00:00,2026-08-06T04:51:00+00:00,2026-08-06T09:52:00+00:00,true_positive,False,,
AL-000106,CSE-002,AST-002-2,malware,high,2026-08-15T20:51:00+00:00,2026-08-15T20:56:00+00:00,2026-08-16T04:56:00+00:00,benign,False,,
AL-000107,CSE-002,AST-002-1,phishing,low,2026-08-06T21:56:00+00:00,2026-08-06T22:01:00+00:00,2026-08-07T05:32:00+00:00,false_positive,False,,
AL-000108,CSE-002,AST-002-1,phishing,medium,2026-08-15T08:19:00+00:00,2026-08-15T08:24:00+00:00,2026-08-15T18:08:00+00:00,true_positive,False,,
AL-000109,CSE-002,AST-002-1,intrusion,high,2026-08-30T08:58:00+00:00,2026-08-30T09:03:00+00:00,2026-08-30T15:17:00+00:00,true_positive,False,,
AL-000110,CSE-002,AST-002-3,phishing,low,2026-08-27T20:10:00+00:00,2026-08-27T20:15:00+00:00,2026-08-28T00:33:00+00:00,false_positive,False,,
AL-000111,CSE-002,AST-002-2,malware,medium,2026-08-07T18:17:00+00:00,2026-08-07T18:22:00+00:00,2026-08-08T03:08:00+00:00,true_positive,False,,
AL-000112,CSE-002,AST-002-2,intrusion,low,2026-08-03T01:35:00+00:00,2026-08-03T01:40:00+00:00,2026-08-03T06:20:00+00:00,benign,False,,
AL-000113,CSE-002,AST-002-3,intrusion,critical,2026-08-11T16:09:00+00:00,2026-08-11T16:14:00+00:00,2026-08-12T00:30:00+00:00,false_positive,False,,
AL-000114,CSE-002,AST-002-3,intrusion,low,2026-08-04T00:04:00+00:00,2026-08-04T00:09:00+00:00,2026-08-04T05:20:00+00:00,true_positive,False,,
AL-000115,CSE-002,AST-002-2,phishing,medium,2026-08-27T19:00:00+00:00,2026-08-27T19:05:00+00:00,2026-08-27T22:44:00+00:00,benign,False,,
AL-000116,CSE-002,AST-002-3,phishing,medium,2026-08-02T07:52:00+00:00,2026-08-02T07:57:00+00:00,2026-08-02T12:34:00+00:00,true_positive,False,,
AL-000117,CSE-002,AST-002-2,intrusion,low,2026-08-13T01:19:00+00:00,2026-08-13T01:24:00+00:00,2026-08-13T05:10:00+00:00,false_positive,False,,
AL-000118,CSE-002,AST-002-2,phishing,medium,2026-08-26T05:03:00+00:00,2026-08-26T05:08:00+00:00,2026-08-26T08:04:00+00:00,false_positive,False,,
AL-000119,CSE-002,AST-002-1,DoS,medium,2026-08-14T15:16:00+00:00,2026-08-14T15:21:00+00:00,2026-08-14T22:05:00+00:00,false_positive,False,,
AL-000120,CSE-002,AST-002-2,intrusion,medium,2026-08-20T13:29:00+00:00,2026-08-20T13:34:00+00:00,2026-08-20T19:25:00+00:00,benign,False,,
AL-000121,CSE-002,AST-002-2,DoS,high,2026-08-02T14:37:00+00:00,2026-08-02T14:42:00+00:00,2026-08-02T22:42:00+00:00,unresolved,False,,
AL-000122,CSE-003,AST-003-3,phishing,medium,2026-08-15T21:29:00+00:00,2026-08-15T21:34:00+00:00,2026-08-16T00:54:00+00:00,false_positive,False,,
AL-000123,CSE-003,AST-003-1,DoS,medium,2026-08-06T05:11:00+00:00,2026-08-06T05:16:00+00:00,2026-08-06T06:33:00+00:00,true_positive,False,,
AL-000124,CSE-003,AST-003-1,intrusion,low,2026-08-06T01:59:00+00:00,2026-08-06T02:04:00+00:00,2026-08-06T03:40:00+00:00,false_positive,False,,
AL-000125,CSE-003,AST-003-3,intrusion,low,2026-08-25T11:36:00+00:00,2026-08-25T11:41:00+00:00,2026-08-25T13:11:00+00:00,true_positive,False,,
AL-000126,CSE-003,AST-003-1,phishing,high,2026-08-06T12:18:00+00:00,2026-08-06T12:23:00+00:00,2026-08-06T21:33:00+00:00,true_positive,False,,
AL-000127,CSE-003,AST-003-1,DoS,medium,2026-08-11T02:46:00+00:00,2026-08-11T02:51:00+00:00,2026-08-11T04:50:00+00:00,unresolved,False,,
AL-000128,CSE-003,AST-003-1,phishing,low,2026-08-17T11:06:00+00:00,2026-08-17T11:11:00+00:00,2026-08-17T19:02:00+00:00,benign,False,,
AL-000129,CSE-003,AST-003-3,malware,medium,2026-08-08T15:52:00+00:00,2026-08-08T15:57:00+00:00,2026-08-08T20:21:00+00:00,true_positive,False,,
AL-000130,CSE-003,AST-003-2,DoS,low,2026-08-08T13:28:00+00:00,2026-08-08T13:33:00+00:00,2026-08-08T19:11:00+00:00,true_positive,False,,
AL-000131,CSE-003,AST-003-3,DoS,medium,2026-08-03T19:26:00+00:00,2026-08-03T19:31:00+00:00,2026-08-04T05:20:00+00:00,benign,False,,
AL-000132,CSE-003,AST-003-1,malware,medium,2026-08-11T14:57:00+00:00,2026-08-11T15:02:00+00:00,2026-08-11T17:13:00+00:00,false_positive,False,,
AL-000133,CSE-003,AST-003-3,malware,medium,2026-08-06T06:32:00+00:00,2026-08-06T06:37:00+00:00,2026-08-06T14:19:00+00:00,false_positive,False,,
AL-000134,CSE-003,AST-003-1,malware,high,2026-08-21T14:48:00+00:00,2026-08-21T14:53:00+00:00,2026-08-21T23:12:00+00:00,false_positive,False,,
AL-000135,CSE-003,AST-003-2,malware,medium,2026-08-22T00:44:00+00:00,2026-08-22T00:49:00+00:00,2026-08-22T10:41:00+00:00,false_positive,False,,
AL-000136,CSE-003,AST-003-3,phishing,low,2026-08-28T01:28:00+00:00,2026-08-28T01:33:00+00:00,2026-08-28T10:01:00+00:00,benign,False,,
AL-000137,CSE-003,AST-003-3,phishing,medium,2026-08-11T16:12:00+00:00,2026-08-11T16:17:00+00:00,2026-08-12T00:20:00+00:00,true_positive,False,,
AL-000138,CSE-003,AST-003-2,intrusion,medium,2026-08-19T20:51:00+00:00,2026-08-19T20:56:00+00:00,2026-08-20T05:46:00+00:00,benign,False,,
AL-000139,CSE-003,AST-003-2,DoS,high,2026-08-16T12:08:00+00:00,2026-08-16T12:13:00+00:00,2026-08-16T21:59:00+00:00,false_positive,False,,
AL-000140,CSE-003,AST-003-2,DoS,high,2026-08-21T15:45:00+00:00,2026-08-21T15:50:00+00:00,2026-08-21T22:36:00+00:00,false_positive,False,,
AL-000141,CSE-003,AST-003-2,phishing,low,2026-08-15T02:09:00+00:00,2026-08-15T02:14:00+00:00,2026-08-15T03:20:00+00:00,benign,False,,
AL-000142,CSE-003,AST-003-2,intrusion,low,2026-08-12T04:57:00+00:00,2026-08-12T05:02:00+00:00,2026-08-12T06:01:00+00:00,true_positive,False,,
AL-000143,CSE-003,AST-003-1,phishing,critical,2026-08-29T18:44:00+00:00,2026-08-29T18:49:00+00:00,2026-08-30T03:14:00+00:00,false_positive,False,,
AL-000144,CSE-003,AST-003-2,phishing,low,2026-08-14T01:42:00+00:00,2026-08-14T01:47:00+00:00,2026-08-14T02:45:00+00:00,benign,False,,
AL-000145,CSE-003,AST-003-3,DoS,medium,2026-08-09T19:26:00+00:00,2026-08-09T19:31:00+00:00,2026-08-10T05:16:00+00:00,false_positive,False,,
AL-000146,CSE-003,AST-003-3,intrusion,high,2026-08-11T15:00:00+00:00,2026-08-11T15:05:00+00:00,2026-08-11T21:56:00+00:00,benign,False,,
AL-000147,CSE-003,AST-003-3,phishing,low,2026-08-05T08:43:00+00:00,2026-08-05T08:48:00+00:00,2026-08-05T14:16:00+00:00,false_positive,False,,
AL-000148,CSE-003,AST-003-3,malware,medium,2026-08-14T11:03:00+00:00,2026-08-14T11:08:00+00:00,2026-08-14T15:48:00+00:00,unresolved,False,,
AL-000149,CSE-003,AST-003-2,DoS,high,2026-08-22T03:24:00+00:00,2026-08-22T03:29:00+00:00,2026-08-22T09:53:00+00:00,true_positive,False,,
AL-000150,CSE-003,AST-003-2,malware,critical,2026-08-02T13:35:00+00:00,2026-08-02T13:40:00+00:00,2026-08-02T21:48:00+00:00,unresolved,False,,
AL-000151,CSE-003,AST-003-2,DoS,high,2026-08-18T13:33:00+00:00,2026-08-18T13:38:00+00:00,2026-08-18T22:43:00+00:00,false_positive,False,,
AL-000152,CSE-003,AST-003-3,DoS,high,2026-08-22T18:48:00+00:00,2026-08-22T18:53:00+00:00,2026-08-23T03:12:00+00:00,false_positive,False,,
AL-000153,CSE-003,AST-003-3,phishing,low,2026-08-29T02:07:00+00:00,2026-08-29T02:12:00+00:00,2026-08-29T11:30:00+00:00,benign,False,,
AL-000154,CSE-003,AST-003-2,malware,high,2026-08-08T01:30:00+00:00,2026-08-08T01:35:00+00:00,2026-08-08T08:19:00+00:00,benign,False,,
AL-000155,CSE-003,AST-003-2,malware,medium,2026-08-04T04:10:00+00:00,2026-08-04T04:15:00+00:00,2026-08-04T07:16:00+00:00,benign,False,,
AL-000156,CSE-003,AST-003-3,intrusion,medium,2026-08-02T21:37:00+00:00,2026-08-02T21:42:00+00:00,2026-08-03T03:14:00+00:00,true_positive,False,,
AL-000157,CSE-003,AST-003-2,DoS,medium,2026-08-10T04:56:00+00:00,2026-08-10T05:01:00+00:00,2026-08-10T13:59:00+00:00,false_positive,False,,
AL-000158,CSE-003,AST-003-2,intrusion,high,2026-08-15T07:10:00+00:00,2026-08-15T07:15:00+00:00,2026-08-15T14:47:00+00:00,benign,False,,
AL-000159,CSE-003,AST-003-3,phishing,low,2026-08-18T23:44:00+00:00,2026-08-18T23:49:00+00:00,2026-08-19T05:40:00+00:00,true_positive,False,,
AL-000160,CSE-003,AST-003-3,phishing,low,2026-08-28T00:59:00+00:00,2026-08-28T01:04:00+00:00,2026-08-28T06:01:00+00:00,benign,False,,
AL-000161,CSE-003,AST-003-2,malware,low,2026-08-01T12:53:00+00:00,2026-08-01T12:58:00+00:00,2026-08-01T20:51:00+00:00,true_positive,False,,
AL-000162,CSE-003,AST-003-1,intrusion,critical,2026-08-13T19:54:00+00:00,2026-08-13T19:59:00+00:00,2026-08-14T02:44:00+00:00,benign,False,,
AL-000163,CSE-003,AST-003-1,intrusion,medium,2026-08-16T02:56:00+00:00,2026-08-16T03:01:00+00:00,2026-08-16T12:10:00+00:00,true_positive,False,,
AL-000164,CSE-003,AST-003-1,intrusion,low,2026-08-28T02:39:00+00:00,2026-08-28T02:44:00+00:00,2026-08-28T04:15:00+00:00,true_positive,False,,
AL-000165,CSE-003,AST-003-3,DoS,low,2026-08-02T13:40:00+00:00,2026-08-02T13:45:00+00:00,2026-08-02T20:22:00+00:00,false_positive,False,,
AL-000166,CSE-003,AST-003-2,DoS,medium,2026-08-02T14:13:00+00:00,2026-08-02T14:18:00+00:00,2026-08-02T21:59:00+00:00,false_positive,False,,
AL-000167,CSE-003,AST-003-1,phishing,low,2026-08-19T07:08:00+00:00,2026-08-19T07:13:00+00:00,2026-08-19T10:14:00+00:00,benign,False,,
AL-000168,CSE-003,AST-003-1,intrusion,medium,2026-08-01T23:09:00+00:00,2026-08-01T23:14:00+00:00,2026-08-02T06:49:00+00:00,benign,False,,
AL-000169,CSE-003,AST-003-2,DoS,low,2026-08-05T17:12:00+00:00,2026-08-05T17:17:00+00:00,2026-08-05T20:22:00+00:00,true_positive,False,,
AL-000170,CSE-003,AST-003-2,DoS,medium,2026-08-30T10:56:00+00:00,2026-08-30T11:01:00+00:00,2026-08-30T14:28:00+00:00,benign,False,,
AL-000171,CSE-003,AST-003-2,phishing,medium,2026-08-12T02:07:00+00:00,2026-08-12T02:12:00+00:00,2026-08-12T07:03:00+00:00,unresolved,False,,
AL-000172,CSE-003,AST-003-3,malware,high,2026-08-23T02:04:00+00:00,2026-08-23T02:09:00+00:00,2026-08-23T09:40:00+00:00,true_positive,False,,
AL-000173,CSE-003,AST-003-2,DoS,low,2026-08-14T04:44:00+00:00,2026-08-14T04:49:00+00:00,2026-08-14T09:34:00+00:00,unresolved,False,,
AL-000174,CSE-003,AST-003-1,phishing,medium,2026-08-15T15:09:00+00:00,2026-08-15T15:14:00+00:00,2026-08-15T17:24:00+00:00,unresolved,False,,
AL-000175,CSE-003,AST-003-1,DoS,low,2026-08-27T12:19:00+00:00,2026-08-27T12:24:00+00:00,2026-08-27T13:46:00+00:00,true_positive,False,,
AL-000176,CSE-003,AST-003-1,DoS,medium,2026-08-17T07:15:00+00:00,2026-08-17T07:20:00+00:00,2026-08-17T15:21:00+00:00,true_positive,False,,
AL-000177,CSE-003,AST-003-1,intrusion,medium,2026-08-27T06:20:00+00:00,2026-08-27T06:25:00+00:00,2026-08-27T14:19:00+00:00,benign,False,,
AL-000178,CSE-003,AST-003-2,malware,low,2026-08-24T11:55:00+00:00,2026-08-24T12:00:00+00:00,2026-08-24T17:19:00+00:00,false_positive,False,,
AL-000179,CSE-003,AST-003-3,malware,low,2026-08-30T10:51:00+00:00,2026-08-30T10:56:00+00:00,2026-08-30T15:34:00+00:00,true_positive,False,,
AL-000180,CSE-003,AST-003-1,phishing,medium,2026-08-15T18:19:00+00:00,2026-08-15T18:24:00+00:00,2026-08-15T19:34:00+00:00,false_positive,False,,
AL-000181,CSE-003,AST-003-2,malware,high,2026-08-07T20:43:00+00:00,2026-08-07T20:48:00+00:00,2026-08-08T04:37:00+00:00,false_positive,False,,
AL-000182,CSE-004,AST-004-3,intrusion,medium,2026-08-03T23:45:00+00:00,2026-08-03T23:50:00+00:00,2026-08-04T05:04:00+00:00,false_positive,False,,
AL-000183,CSE-004,AST-004-3,phishing,low,2026-08-23T08:11:00+00:00,2026-08-23T08:16:00+00:00,2026-08-23T17:33:00+00:00,false_positive,False,,
AL-000184,CSE-004,AST-004-1,DoS,low,2026-08-24T22:49:00+00:00,2026-08-24T22:54:00+00:00,2026-08-25T01:10:00+00:00,true_positive,False,,
AL-000185,CSE-004,AST-004-1,malware,low,2026-08-27T21:30:00+00:00,2026-08-27T21:35:00+00:00,2026-08-27T22:35:00+00:00,true_positive,False,,
AL-000186,CSE-004,AST-004-1,phishing,low,2026-08-10T00:27:00+00:00,2026-08-10T00:32:00+00:00,2026-08-10T07:01:00+00:00,false_positive,False,,
AL-000187,CSE-004,AST-004-2,phishing,low,2026-08-10T13:32:00+00:00,2026-08-10T13:37:00+00:00,2026-08-10T22:10:00+00:00,benign,False,,
AL-000188,CSE-004,AST-004-1,malware,high,2026-08-17T05:22:00+00:00,2026-08-17T05:27:00+00:00,2026-08-17T12:32:00+00:00,false_positive,False,,
AL-000189,CSE-004,AST-004-2,malware,medium,2026-08-03T20:32:00+00:00,2026-08-03T20:37:00+00:00,2026-08-04T06:14:00+00:00,unresolved,False,,
AL-000190,CSE-004,AST-004-1,phishing,high,2026-08-20T00:23:00+00:00,2026-08-20T00:28:00+00:00,2026-08-20T09:10:00+00:00,benign,False,,
AL-000191,CSE-004,AST-004-3,malware,medium,2026-08-21T21:41:00+00:00,2026-08-21T21:46:00+00:00,2026-08-22T00:37:00+00:00,false_positive,False,,
AL-000192,CSE-004,AST-004-3,malware,low,2026-08-05T12:08:00+00:00,2026-08-05T12:13:00+00:00,2026-08-05T13:24:00+00:00,true_positive,False,,
AL-000193,CSE-004,AST-004-3,malware,high,2026-08-11T09:14:00+00:00,2026-08-11T09:19:00+00:00,2026-08-11T18:49:00+00:00,false_positive,False,,
AL-000194,CSE-004,AST-004-1,phishing,medium,2026-08-04T16:33:00+00:00,2026-08-04T16:38:00+00:00,2026-08-04T19:40:00+00:00,true_positive,False,,
AL-000195,CSE-004,AST-004-2,intrusion,low,2026-08-10T09:37:00+00:00,2026-08-10T09:42:00+00:00,2026-08-10T17:45:00+00:00,unresolved,False,,
AL-000196,CSE-004,AST-004-3,intrusion,low,2026-08-30T09:13:00+00:00,2026-08-30T09:18:00+00:00,2026-08-30T15:11:00+00:00,benign,False,,
AL-000197,CSE-004,AST-004-1,phishing,high,2026-08-26T19:41:00+00:00,2026-08-26T19:46:00+00:00,2026-08-27T03:43:00+00:00,false_positive,False,,
AL-000198,CSE-004,AST-004-1,intrusion,low,2026-08-25T05:05:00+00:00,2026-08-25T05:10:00+00:00,2026-08-25T08:32:00+00:00,benign,False,,
AL-000199,CSE-004,AST-004-2,malware,high,2026-08-20T12:56:00+00:00,2026-08-20T13:01:00+00:00,2026-08-20T20:49:00+00:00,benign,False,,
AL-000200,CSE-004,AST-004-1,phishing,high,2026-08-23T19:02:00+00:00,2026-08-23T19:07:00+00:00,2026-08-24T03:04:00+00:00,benign,False,,
AL-000201,CSE-004,AST-004-3,phishing,medium,2026-08-15T06:26:00+00:00,2026-08-15T06:31:00+00:00,2026-08-15T10:59:00+00:00,benign,False,,
AL-000202,CSE-004,AST-004-3,DoS,critical,2026-08-22T17:42:00+00:00,2026-08-22T17:47:00+00:00,2026-08-23T01:24:00+00:00,false_positive,False,,
AL-000203,CSE-004,AST-004-3,malware,high,2026-08-30T03:20:00+00:00,2026-08-30T03:25:00+00:00,2026-08-30T11:33:00+00:00,false_positive,False,,
AL-000204,CSE-004,AST-004-2,malware,medium,2026-08-08T02:33:00+00:00,2026-08-08T02:38:00+00:00,2026-08-08T11:33:00+00:00,benign,False,,
AL-000205,CSE-004,AST-004-3,DoS,low,2026-08-20T01:42:00+00:00,2026-08-20T01:47:00+00:00,2026-08-20T11:21:00+00:00,true_positive,False,,
AL-000206,CSE-004,AST-004-3,phishing,low,2026-08-01T23:28:00+00:00,2026-08-01T23:33:00+00:00,2026-08-02T08:40:00+00:00,false_positive,False,,
AL-000207,CSE-004,AST-004-1,phishing,medium,2026-08-11T19:29:00+00:00,2026-08-11T19:34:00+00:00,2026-08-12T04:23:00+00:00,false_positive,False,,
AL-000208,CSE-004,AST-004-3,DoS,high,2026-08-11T13:41:00+00:00,2026-08-11T13:46:00+00:00,2026-08-11T23:06:00+00:00,true_positive,False,,
AL-000209,CSE-004,AST-004-1,malware,high,2026-08-04T06:51:00+00:00,2026-08-04T06:56:00+00:00,2026-08-04T14:01:00+00:00,true_positive,False,,
AL-000210,CSE-004,AST-004-3,intrusion,low,2026-08-18T00:01:00+00:00,2026-08-18T00:06:00+00:00,2026-08-18T07:42:00+00:00,unresolved,False,,
AL-000211,CSE-004,AST-004-3,intrusion,high,2026-08-07T03:44:00+00:00,2026-08-07T03:49:00+00:00,2026-08-07T11:51:00+00:00,false_positive,False,,
AL-000212,CSE-004,AST-004-2,phishing,medium,2026-08-12T20:19:00+00:00,2026-08-12T20:24:00+00:00,2026-08-13T00:46:00+00:00,benign,False,,
AL-000213,CSE-004,AST-004-1,intrusion,medium,2026-08-03T08:59:00+00:00,2026-08-03T09:04:00+00:00,2026-08-03T10:35:00+00:00,false_positive,False,,
AL-000214,CSE-004,AST-004-1,malware,low,2026-08-19T01:43:00+00:00,2026-08-19T01:48:00+00:00,2026-08-19T05:42:00+00:00,benign,False,,
AL-000215,CSE-004,AST-004-2,DoS,critical,2026-08-20T15:44:00+00:00,2026-08-20T15:49:00+00:00,2026-08-20T22:49:00+00:00,true_positive,True,2026-08-20T16:14:00+00:00,
AL-000216,CSE-004,AST-004-3,malware,low,2026-08-13T13:24:00+00:00,2026-08-13T13:29:00+00:00,2026-08-13T22:19:00+00:00,true_positive,False,,
AL-000217,CSE-004,AST-004-1,malware,medium,2026-08-16T14:43:00+00:00,2026-08-16T14:48:00+00:00,2026-08-16T20:24:00+00:00,false_positive,False,,
AL-000218,CSE-004,AST-004-2,DoS,critical,2026-08-30T06:02:00+00:00,2026-08-30T06:07:00+00:00,2026-08-30T14:05:00+00:00,false_positive,False,,
AL-000219,CSE-004,AST-004-1,intrusion,low,2026-08-27T06:58:00+00:00,2026-08-27T07:03:00+00:00,2026-08-27T09:11:00+00:00,benign,False,,
AL-000220,CSE-004,AST-004-2,DoS,high,2026-08-05T01:49:00+00:00,2026-08-05T01:54:00+00:00,2026-08-05T10:41:00+00:00,unresolved,False,,
AL-000221,CSE-004,AST-004-1,phishing,low,2026-08-13T10:20:00+00:00,2026-08-13T10:25:00+00:00,2026-08-13T11:58:00+00:00,false_positive,False,,
AL-000222,CSE-004,AST-004-1,phishing,high,2026-08-18T04:06:00+00:00,2026-08-18T04:11:00+00:00,2026-08-18T11:20:00+00:00,false_positive,False,,
AL-000223,CSE-004,AST-004-1,intrusion,low,2026-08-25T16:57:00+00:00,2026-08-25T17:02:00+00:00,2026-08-25T22:02:00+00:00,benign,False,,
AL-000224,CSE-004,AST-004-3,intrusion,high,2026-08-13T13:23:00+00:00,2026-08-13T13:28:00+00:00,2026-08-13T21:49:00+00:00,false_positive,False,,
AL-000225,CSE-004,AST-004-3,intrusion,high,2026-08-27T06:45:00+00:00,2026-08-27T06:50:00+00:00,2026-08-27T16:12:00+00:00,unresolved,False,,
AL-000226,CSE-004,AST-004-1,DoS,high,2026-08-27T00:02:00+00:00,2026-08-27T00:07:00+00:00,2026-08-27T06:51:00+00:00,false_positive,False,,
AL-000227,CSE-004,AST-004-1,malware,medium,2026-08-12T14:05:00+00:00,2026-08-12T14:10:00+00:00,2026-08-12T16:41:00+00:00,false_positive,False,,
AL-000228,CSE-004,AST-004-3,phishing,high,2026-08-05T00:14:00+00:00,2026-08-05T00:19:00+00:00,2026-08-05T09:32:00+00:00,false_positive,False,,
AL-000229,CSE-004,AST-004-1,malware,low,2026-08-23T07:07:00+00:00,2026-08-23T07:12:00+00:00,2026-08-23T10:46:00+00:00,unresolved,False,,
AL-000230,CSE-004,AST-004-2,phishing,high,2026-08-04T17:58:00+00:00,2026-08-04T18:03:00+00:00,2026-08-05T01:48:00+00:00,false_positive,False,,
AL-000231,CSE-004,AST-004-2,malware,medium,2026-08-19T02:17:00+00:00,2026-08-19T02:22:00+00:00,2026-08-19T08:06:00+00:00,true_positive,False,,
AL-000232,CSE-004,AST-004-1,malware,medium,2026-08-25T04:59:00+00:00,2026-08-25T05:04:00+00:00,2026-08-25T14:33:00+00:00,unresolved,False,,
AL-000233,CSE-004,AST-004-3,malware,low,2026-08-19T16:41:00+00:00,2026-08-19T16:46:00+00:00,2026-08-19T22:40:00+00:00,false_positive,False,,
AL-000234,CSE-004,AST-004-1,malware,high,2026-08-19T11:26:00+00:00,2026-08-19T11:31:00+00:00,2026-08-19T20:14:00+00:00,benign,False,,
AL-000235,CSE-004,AST-004-2,DoS,medium,2026-08-17T00:22:00+00:00,2026-08-17T00:27:00+00:00,2026-08-17T06:07:00+00:00,true_positive,False,,
AL-000236,CSE-004,AST-004-3,malware,high,2026-08-01T19:56:00+00:00,2026-08-01T20:01:00+00:00,2026-08-02T00:56:00+00:00,false_positive,False,,
AL-000237,CSE-004,AST-004-3,intrusion,low,2026-08-06T11:12:00+00:00,2026-08-06T11:17:00+00:00,2026-08-06T20:29:00+00:00,true_positive,False,,
AL-000238,CSE-004,AST-004-2,DoS,medium,2026-08-28T20:16:00+00:00,2026-08-28T20:21:00+00:00,2026-08-29T04:25:00+00:00,benign,False,,
AL-000239,CSE-004,AST-004-1,DoS,critical,2026-08-06T12:11:00+00:00,2026-08-06T12:16:00+00:00,2026-08-06T19:15:00+00:00,benign,False,,
AL-000240,CSE-004,AST-004-2,intrusion,critical,2026-08-30T10:24:00+00:00,2026-08-30T10:29:00+00:00,2026-08-30T18:09:00+00:00,true_positive,True,2026-08-30T10:54:00+00:00,
AL-000241,CSE-004,AST-004-2,intrusion,low,2026-08-07T08:41:00+00:00,2026-08-07T08:46:00+00:00,2026-08-07T10:50:00+00:00,benign,False,,
AL-000242,CSE-005,AST-005-3,intrusion,low,2026-08-26T01:24:00+00:00,2026-08-26T01:29:00+00:00,2026-08-26T10:41:00+00:00,benign,False,,
AL-000243,CSE-005,AST-005-2,DoS,medium,2026-08-21T17:11:00+00:00,2026-08-21T17:16:00+00:00,2026-08-22T00:07:00+00:00,false_positive,False,,
AL-000244,CSE-005,AST-005-3,DoS,low,2026-08-15T06:13:00+00:00,2026-08-15T06:18:00+00:00,2026-08-15T10:18:00+00:00,benign,False,,
AL-000245,CSE-005,AST-005-3,phishing,medium,2026-08-13T13:47:00+00:00,2026-08-13T13:52:00+00:00,2026-08-13T15:08:00+00:00,benign,False,,
AL-000246,CSE-005,AST-005-1,intrusion,medium,2026-08-22T10:42:00+00:00,2026-08-22T10:47:00+00:00,2026-08-22T20:37:00+00:00,benign,False,,
AL-000247,CSE-005,AST-005-2,intrusion,medium,2026-08-20T00:37:00+00:00,2026-08-20T00:42:00+00:00,2026-08-20T10:08:00+00:00,benign,False,,
AL-000248,CSE-005,AST-005-2,intrusion,high,2026-08-04T13:35:00+00:00,2026-08-04T13:40:00+00:00,2026-08-04T21:41:00+00:00,benign,False,,
AL-000249,CSE-005,AST-005-2,intrusion,medium,2026-08-18T08:10:00+00:00,2026-08-18T08:15:00+00:00,2026-08-18T12:47:00+00:00,false_positive,False,,
AL-000250,CSE-005,AST-005-1,malware,low,2026-08-17T17:44:00+00:00,2026-08-17T17:49:00+00:00,2026-08-18T02:10:00+00:00,benign,False,,
AL-000251,CSE-005,AST-005-1,DoS,medium,2026-08-11T11:46:00+00:00,2026-08-11T11:51:00+00:00,2026-08-11T15:30:00+00:00,false_positive,False,,
AL-000252,CSE-005,AST-005-3,phishing,high,2026-08-24T18:20:00+00:00,2026-08-24T18:25:00+00:00,2026-08-25T00:48:00+00:00,false_positive,False,,
AL-000253,CSE-005,AST-005-1,intrusion,low,2026-08-25T12:11:00+00:00,2026-08-25T12:16:00+00:00,2026-08-25T14:20:00+00:00,true_positive,False,,
AL-000254,CSE-005,AST-005-3,phishing,high,2026-08-22T08:22:00+00:00,2026-08-22T08:27:00+00:00,2026-08-22T16:44:00+00:00,false_positive,False,,
AL-000255,CSE-005,AST-005-1,phishing,critical,2026-08-10T03:50:00+00:00,2026-08-10T03:55:00+00:00,2026-08-10T09:50:00+00:00,false_positive,False,,
AL-000256,CSE-005,AST-005-1,phishing,critical,2026-08-28T15:23:00+00:00,2026-08-28T15:28:00+00:00,2026-08-28T23:34:00+00:00,benign,False,,
AL-000257,CSE-005,AST-005-3,intrusion,medium,2026-08-29T19:51:00+00:00,2026-08-29T19:56:00+00:00,2026-08-30T03:09:00+00:00,benign,False,,
AL-000258,CSE-005,AST-005-3,phishing,critical,2026-08-17T15:01:00+00:00,2026-08-17T15:06:00+00:00,2026-08-17T23:38:00+00:00,false_positive,False,,
AL-000259,CSE-005,AST-005-3,malware,medium,2026-08-10T01:34:00+00:00,2026-08-10T01:39:00+00:00,2026-08-10T06:58:00+00:00,false_positive,False,,
AL-000260,CSE-005,AST-005-3,malware,critical,2026-08-18T19:38:00+00:00,2026-08-18T19:43:00+00:00,2026-08-19T02:45:00+00:00,unresolved,False,,
AL-000261,CSE-005,AST-005-2,intrusion,high,2026-08-08T21:30:00+00:00,2026-08-08T21:35:00+00:00,2026-08-09T05:36:00+00:00,false_positive,False,,
AL-000262,CSE-005,AST-005-1,intrusion,medium,2026-08-10T04:55:00+00:00,2026-08-10T05:00:00+00:00,2026-08-10T08:04:00+00:00,false_positive,False,,
AL-000263,CSE-005,AST-005-2,DoS,medium,2026-08-17T02:37:00+00:00,2026-08-17T02:42:00+00:00,2026-08-17T08:53:00+00:00,true_positive,False,,
AL-000264,CSE-005,AST-005-1,intrusion,low,2026-08-22T01:41:00+00:00,2026-08-22T01:46:00+00:00,2026-08-22T10:25:00+00:00,true_positive,False,,
AL-000265,CSE-005,AST-005-3,phishing,high,2026-08-17T07:42:00+00:00,2026-08-17T07:47:00+00:00,2026-08-17T15:37:00+00:00,benign,False,,
AL-000266,CSE-005,AST-005-3,DoS,medium,2026-08-27T03:29:00+00:00,2026-08-27T03:34:00+00:00,2026-08-27T08:32:00+00:00,true_positive,False,,
AL-000267,CSE-005,AST-005-2,intrusion,medium,2026-08-26T00:51:00+00:00,2026-08-26T00:56:00+00:00,2026-08-26T05:27:00+00:00,unresolved,False,,
AL-000268,CSE-005,AST-005-1,malware,low,2026-08-02T01:21:00+00:00,2026-08-02T01:26:00+00:00,2026-08-02T10:47:00+00:00,benign,False,,
AL-000269,CSE-005,AST-005-3,DoS,high,2026-08-22T15:39:00+00:00,2026-08-22T15:44:00+00:00,2026-08-22T23:16:00+00:00,true_positive,False,,
AL-000270,CSE-005,AST-005-1,phishing,medium,2026-08-13T19:22:00+00:00,2026-08-13T19:27:00+00:00,2026-08-13T21:57:00+00:00,false_positive,False,,
AL-000271,CSE-005,AST-005-1,DoS,medium,2026-08-21T22:38:00+00:00,2026-08-21T22:43:00+00:00,2026-08-22T05:48:00+00:00,unresolved,False,,
AL-000272,CSE-005,AST-005-1,DoS,low,2026-08-29T13:54:00+00:00,2026-08-29T13:59:00+00:00,2026-08-29T19:32:00+00:00,benign,False,,
AL-000273,CSE-005,AST-005-1,malware,medium,2026-08-21T04:58:00+00:00,2026-08-21T05:03:00+00:00,2026-08-21T08:49:00+00:00,false_positive,False,,
AL-000274,CSE-005,AST-005-3,DoS,medium,2026-08-19T19:22:00+00:00,2026-08-19T19:27:00+00:00,2026-08-20T02:25:00+00:00,benign,False,,
AL-000275,CSE-005,AST-005-1,phishing,medium,2026-08-04T05:22:00+00:00,2026-08-04T05:27:00+00:00,2026-08-04T13:45:00+00:00,false_positive,False,,
AL-000276,CSE-005,AST-005-1,malware,medium,2026-08-09T18:45:00+00:00,2026-08-09T18:50:00+00:00,2026-08-10T02:57:00+00:00,benign,False,,
AL-000277,CSE-005,AST-005-1,phishing,low,2026-08-13T23:23:00+00:00,2026-08-13T23:28:00+00:00,2026-08-14T08:17:00+00:00,true_positive,False,,
AL-000278,CSE-005,AST-005-1,intrusion,low,2026-08-22T08:44:00+00:00,2026-08-22T08:49:00+00:00,2026-08-22T10:20:00+00:00,true_positive,False,,
AL-000279,CSE-005,AST-005-3,DoS,low,2026-08-05T19:55:00+00:00,2026-08-05T20:00:00+00:00,2026-08-06T03:53:00+00:00,benign,False,,
AL-000280,CSE-005,AST-005-1,DoS,low,2026-08-20T13:50:00+00:00,2026-08-20T13:55:00+00:00,2026-08-20T16:20:00+00:00,benign,False,,
AL-000281,CSE-005,AST-005-2,phishing,high,2026-08-14T11:01:00+00:00,2026-08-14T11:06:00+00:00,2026-08-14T20:16:00+00:00,false_positive,False,,
AL-000282,CSE-005,AST-005-3,phishing,low,2026-08-09T02:30:00+00:00,2026-08-09T02:35:00+00:00,2026-08-09T06:26:00+00:00,false_positive,False,,
AL-000283,CSE-005,AST-005-2,phishing,medium,2026-08-08T17:49:00+00:00,2026-08-08T17:54:00+00:00,2026-08-08T21:35:00+00:00,true_positive,False,,
AL-000284,CSE-005,AST-005-2,malware,high,2026-08-24T10:59:00+00:00,2026-08-24T11:04:00+00:00,2026-08-24T19:36:00+00:00,true_positive,False,,
AL-000285,CSE-005,AST-005-1,DoS,high,2026-08-25T19:04:00+00:00,2026-08-25T19:09:00+00:00,2026-08-26T03:14:00+00:00,unresolved,False,,
AL-000286,CSE-005,AST-005-2,malware,medium,2026-08-26T12:31:00+00:00,2026-08-26T12:36:00+00:00,2026-08-26T15:07:00+00:00,false_positive,False,,
AL-000287,CSE-005,AST-005-2,malware,critical,2026-08-05T02:57:00+00:00,2026-08-05T03:02:00+00:00,2026-08-05T08:42:00+00:00,true_positive,True,2026-08-05T03:27:00+00:00,
AL-000288,CSE-005,AST-005-1,phishing,low,2026-08-16T18:42:00+00:00,2026-08-16T18:47:00+00:00,2026-08-17T01:36:00+00:00,benign,False,,
AL-000289,CSE-005,AST-005-2,phishing,high,2026-08-08T20:51:00+00:00,2026-08-08T20:56:00+00:00,2026-08-09T06:30:00+00:00,true_positive,False,,
AL-000290,CSE-005,AST-005-2,intrusion,medium,2026-08-29T01:35:00+00:00,2026-08-29T01:40:00+00:00,2026-08-29T05:55:00+00:00,false_positive,False,,
AL-000291,CSE-005,AST-005-1,intrusion,high,2026-08-18T08:37:00+00:00,2026-08-18T08:42:00+00:00,2026-08-18T15:08:00+00:00,false_positive,False,,
AL-000292,CSE-005,AST-005-2,phishing,medium,2026-08-08T14:49:00+00:00,2026-08-08T14:54:00+00:00,2026-08-08T18:15:00+00:00,false_positive,False,,
AL-000293,CSE-005,AST-005-1,malware,low,2026-08-11T23:00:00+00:00,2026-08-11T23:05:00+00:00,2026-08-12T06:05:00+00:00,true_positive,False,,
AL-000294,CSE-005,AST-005-3,DoS,medium,2026-08-13T03:42:00+00:00,2026-08-13T03:47:00+00:00,2026-08-13T12:45:00+00:00,true_positive,False,,
AL-000295,CSE-005,AST-005-2,malware,medium,2026-08-27T17:51:00+00:00,2026-08-27T17:56:00+00:00,2026-08-27T23:04:00+00:00,unresolved,False,,
AL-000296,CSE-005,AST-005-1,phishing,medium,2026-08-20T15:20:00+00:00,2026-08-20T15:25:00+00:00,2026-08-20T18:16:00+00:00,true_positive,False,,
AL-000297,CSE-005,AST-005-1,intrusion,low,2026-08-29T17:14:00+00:00,2026-08-29T17:19:00+00:00,2026-08-29T20:09:00+00:00,true_positive,False,,
AL-000298,CSE-005,AST-005-1,intrusion,low,2026-08-15T09:05:00+00:00,2026-08-15T09:10:00+00:00,2026-08-15T11:40:00+00:00,benign,False,,
AL-000299,CSE-005,AST-005-2,intrusion,low,2026-08-20T12:43:00+00:00,2026-08-20T12:48:00+00:00,2026-08-20T16:57:00+00:00,false_positive,False,,
AL-000300,CSE-005,AST-005-1,DoS,low,2026-08-03T13:11:00+00:00,2026-08-03T13:16:00+00:00,2026-08-03T19:40:00+00:00,benign,False,,
AL-000301,CSE-005,AST-005-2,phishing,low,2026-08-10T05:13:00+00:00,2026-08-10T05:18:00+00:00,2026-08-10T07:06:00+00:00,true_positive,False,,
AL-000302,CSE-005,AST-005-2,malware,critical,2026-08-30T10:00:00+00:00,2026-08-30T10:00:00+00:00,2026-08-30T13:00:00+00:00,true_positive,False,,
AL-000303,CSE-006,AST-006-1,phishing,high,2026-08-18T16:31:00+00:00,2026-08-18T16:36:00+00:00,2026-08-19T00:28:00+00:00,benign,False,,
AL-000304,CSE-006,AST-006-1,intrusion,critical,2026-08-15T05:52:00+00:00,2026-08-15T05:57:00+00:00,2026-08-15T13:02:00+00:00,false_positive,False,,
AL-000305,CSE-006,AST-006-3,malware,medium,2026-08-16T22:00:00+00:00,2026-08-16T22:05:00+00:00,2026-08-17T07:32:00+00:00,benign,False,,
AL-000306,CSE-006,AST-006-1,DoS,medium,2026-08-07T06:16:00+00:00,2026-08-07T06:21:00+00:00,2026-08-07T16:04:00+00:00,false_positive,False,,
AL-000307,CSE-006,AST-006-2,malware,medium,2026-08-02T18:17:00+00:00,2026-08-02T18:22:00+00:00,2026-08-02T22:42:00+00:00,benign,False,,
AL-000308,CSE-006,AST-006-3,DoS,low,2026-08-11T12:25:00+00:00,2026-08-11T12:30:00+00:00,2026-08-11T16:18:00+00:00,true_positive,False,,
AL-000309,CSE-006,AST-006-2,intrusion,medium,2026-08-29T14:24:00+00:00,2026-08-29T14:29:00+00:00,2026-08-29T20:42:00+00:00,false_positive,False,,
AL-000310,CSE-006,AST-006-2,DoS,critical,2026-08-07T06:44:00+00:00,2026-08-07T06:49:00+00:00,2026-08-07T13:04:00+00:00,false_positive,False,,
AL-000311,CSE-006,AST-006-2,intrusion,medium,2026-08-20T22:50:00+00:00,2026-08-20T22:55:00+00:00,2026-08-21T08:33:00+00:00,false_positive,False,,
AL-000312,CSE-006,AST-006-1,malware,medium,2026-08-11T09:31:00+00:00,2026-08-11T09:36:00+00:00,2026-08-11T13:50:00+00:00,false_positive,False,,
AL-000313,CSE-006,AST-006-1,DoS,low,2026-08-19T12:30:00+00:00,2026-08-19T12:35:00+00:00,2026-08-19T16:15:00+00:00,benign,False,,
AL-000314,CSE-006,AST-006-2,phishing,low,2026-08-19T05:12:00+00:00,2026-08-19T05:17:00+00:00,2026-08-19T13:13:00+00:00,benign,False,,
AL-000315,CSE-006,AST-006-1,phishing,high,2026-08-23T00:51:00+00:00,2026-08-23T00:56:00+00:00,2026-08-23T09:27:00+00:00,benign,False,,
AL-000316,CSE-006,AST-006-1,DoS,critical,2026-08-01T17:21:00+00:00,2026-08-01T17:26:00+00:00,2026-08-02T01:00:00+00:00,unresolved,False,,
AL-000317,CSE-006,AST-006-1,DoS,low,2026-08-13T17:02:00+00:00,2026-08-13T17:07:00+00:00,2026-08-13T23:34:00+00:00,benign,False,,
AL-000318,CSE-006,AST-006-3,malware,low,2026-08-14T04:23:00+00:00,2026-08-14T04:28:00+00:00,2026-08-14T08:24:00+00:00,benign,False,,
AL-000319,CSE-006,AST-006-1,DoS,medium,2026-08-16T02:30:00+00:00,2026-08-16T02:35:00+00:00,2026-08-16T07:34:00+00:00,benign,False,,
AL-000320,CSE-006,AST-006-1,intrusion,high,2026-08-20T21:50:00+00:00,2026-08-20T21:55:00+00:00,2026-08-21T07:40:00+00:00,false_positive,False,,
AL-000321,CSE-006,AST-006-1,malware,high,2026-08-11T00:16:00+00:00,2026-08-11T00:21:00+00:00,2026-08-11T06:18:00+00:00,false_positive,False,,
AL-000322,CSE-006,AST-006-3,phishing,critical,2026-08-02T12:05:00+00:00,2026-08-02T12:10:00+00:00,2026-08-02T19:28:00+00:00,true_positive,True,2026-08-02T12:35:00+00:00,
AL-000323,CSE-006,AST-006-2,DoS,medium,2026-08-02T14:21:00+00:00,2026-08-02T14:26:00+00:00,2026-08-02T23:15:00+00:00,true_positive,False,,
AL-000324,CSE-006,AST-006-3,phishing,medium,2026-08-15T20:17:00+00:00,2026-08-15T20:22:00+00:00,2026-08-16T01:37:00+00:00,unresolved,False,,
AL-000325,CSE-006,AST-006-1,malware,medium,2026-08-04T02:36:00+00:00,2026-08-04T02:41:00+00:00,2026-08-04T07:25:00+00:00,false_positive,False,,
AL-000326,CSE-006,AST-006-3,phishing,high,2026-08-04T22:41:00+00:00,2026-08-04T22:46:00+00:00,2026-08-05T07:03:00+00:00,false_positive,False,,
AL-000327,CSE-006,AST-006-2,intrusion,low,2026-08-05T03:28:00+00:00,2026-08-05T03:33:00+00:00,2026-08-05T12:55:00+00:00,false_positive,False,,
AL-000328,CSE-006,AST-006-3,DoS,low,2026-08-10T11:41:00+00:00,2026-08-10T11:46:00+00:00,2026-08-10T18:19:00+00:00,false_positive,False,,
AL-000329,CSE-006,AST-006-2,DoS,low,2026-08-12T13:23:00+00:00,2026-08-12T13:28:00+00:00,2026-08-12T19:36:00+00:00,false_positive,False,,
AL-000330,CSE-006,AST-006-1,malware,low,2026-08-24T06:50:00+00:00,2026-08-24T06:55:00+00:00,2026-08-24T13:00:00+00:00,false_positive,False,,
AL-000331,CSE-006,AST-006-2,DoS,critical,2026-08-27T16:38:00+00:00,2026-08-27T16:43:00+00:00,2026-08-28T00:52:00+00:00,benign,False,,
AL-000332,CSE-006,AST-006-3,phishing,medium,2026-08-23T09:22:00+00:00,2026-08-23T09:27:00+00:00,2026-08-23T11:05:00+00:00,benign,False,,
AL-000333,CSE-006,AST-006-1,phishing,medium,2026-08-20T01:35:00+00:00,2026-08-20T01:40:00+00:00,2026-08-20T06:26:00+00:00,true_positive,False,,
AL-000334,CSE-006,AST-006-3,phishing,critical,2026-08-19T18:57:00+00:00,2026-08-19T19:02:00+00:00,2026-08-20T03:14:00+00:00,benign,False,,
AL-000335,CSE-006,AST-006-3,DoS,high,2026-08-21T17:59:00+00:00,2026-08-21T18:04:00+00:00,2026-08-22T01:45:00+00:00,unresolved,False,,
AL-000336,CSE-006,AST-006-3,malware,low,2026-08-04T01:32:00+00:00,2026-08-04T01:37:00+00:00,2026-08-04T03:35:00+00:00,benign,False,,
AL-000337,CSE-006,AST-006-2,DoS,high,2026-08-09T13:23:00+00:00,2026-08-09T13:28:00+00:00,2026-08-09T21:00:00+00:00,false_positive,False,,
AL-000338,CSE-006,AST-006-3,DoS,low,2026-08-17T14:17:00+00:00,2026-08-17T14:22:00+00:00,2026-08-17T16:49:00+00:00,false_positive,False,,
AL-000339,CSE-006,AST-006-3,phishing,low,2026-08-25T00:13:00+00:00,2026-08-25T00:18:00+00:00,2026-08-25T02:59:00+00:00,true_positive,False,,
AL-000340,CSE-006,AST-006-2,DoS,high,2026-08-05T08:22:00+00:00,2026-08-05T08:27:00+00:00,2026-08-05T14:58:00+00:00,unresolved,False,,
AL-000341,CSE-006,AST-006-1,phishing,low,2026-08-20T00:05:00+00:00,2026-08-20T00:10:00+00:00,2026-08-20T09:34:00+00:00,benign,False,,
AL-000342,CSE-006,AST-006-2,DoS,high,2026-08-19T05:55:00+00:00,2026-08-19T06:00:00+00:00,2026-08-19T15:16:00+00:00,benign,False,,
AL-000343,CSE-006,AST-006-2,malware,medium,2026-08-16T11:53:00+00:00,2026-08-16T11:58:00+00:00,2026-08-16T20:38:00+00:00,false_positive,False,,
AL-000344,CSE-006,AST-006-1,phishing,low,2026-08-19T03:31:00+00:00,2026-08-19T03:36:00+00:00,2026-08-19T11:01:00+00:00,benign,False,,
AL-000345,CSE-006,AST-006-1,malware,critical,2026-08-17T13:32:00+00:00,2026-08-17T13:37:00+00:00,2026-08-17T22:53:00+00:00,true_positive,True,2026-08-17T14:02:00+00:00,
AL-000346,CSE-006,AST-006-1,phishing,critical,2026-08-05T13:12:00+00:00,2026-08-05T13:17:00+00:00,2026-08-05T21:45:00+00:00,false_positive,False,,
AL-000347,CSE-006,AST-006-2,malware,critical,2026-08-03T08:26:00+00:00,2026-08-03T08:31:00+00:00,2026-08-03T17:31:00+00:00,true_positive,True,2026-08-03T08:56:00+00:00,
AL-000348,CSE-006,AST-006-2,DoS,low,2026-08-03T10:42:00+00:00,2026-08-03T10:47:00+00:00,2026-08-03T12:16:00+00:00,false_positive,False,,
AL-000349,CSE-006,AST-006-2,DoS,medium,2026-08-22T22:29:00+00:00,2026-08-22T22:34:00+00:00,2026-08-23T04:19:00+00:00,true_positive,False,,
AL-000350,CSE-006,AST-006-2,malware,high,2026-08-05T11:21:00+00:00,2026-08-05T11:26:00+00:00,2026-08-05T20:30:00+00:00,false_positive,False,,
AL-000351,CSE-006,AST-006-2,DoS,low,2026-08-27T20:58:00+00:00,2026-08-27T21:03:00+00:00,2026-08-28T01:37:00+00:00,unresolved,False,,
AL-000352,CSE-006,AST-006-2,intrusion,high,2026-08-19T12:42:00+00:00,2026-08-19T12:47:00+00:00,2026-08-19T20:30:00+00:00,true_positive,False,,
AL-000353,CSE-006,AST-006-3,malware,medium,2026-08-25T02:50:00+00:00,2026-08-25T02:55:00+00:00,2026-08-25T09:42:00+00:00,false_positive,False,,
AL-000354,CSE-006,AST-006-3,malware,low,2026-08-08T05:44:00+00:00,2026-08-08T05:49:00+00:00,2026-08-08T13:13:00+00:00,unresolved,False,,
AL-000355,CSE-006,AST-006-1,phishing,medium,2026-08-06T15:47:00+00:00,2026-08-06T15:52:00+00:00,2026-08-06T17:44:00+00:00,false_positive,False,,
AL-000356,CSE-006,AST-006-2,DoS,critical,2026-08-03T08:02:00+00:00,2026-08-03T08:07:00+00:00,2026-08-03T14:53:00+00:00,false_positive,False,,
AL-000357,CSE-006,AST-006-2,phishing,low,2026-08-18T06:28:00+00:00,2026-08-18T06:33:00+00:00,2026-08-18T14:04:00+00:00,false_positive,False,,
AL-000358,CSE-006,AST-006-3,intrusion,low,2026-08-12T00:14:00+00:00,2026-08-12T00:19:00+00:00,2026-08-12T06:36:00+00:00,false_positive,False,,
AL-000359,CSE-006,AST-006-1,phishing,medium,2026-08-04T11:52:00+00:00,2026-08-04T11:57:00+00:00,2026-08-04T19:19:00+00:00,benign,False,,
AL-000360,CSE-006,AST-006-1,DoS,high,2026-08-11T16:52:00+00:00,2026-08-11T16:57:00+00:00,2026-08-12T02:12:00+00:00,benign,False,,
AL-000361,CSE-006,AST-006-3,phishing,low,2026-08-08T03:44:00+00:00,2026-08-08T03:49:00+00:00,2026-08-08T10:24:00+00:00,benign,False,,
AL-000362,CSE-006,AST-006-2,DoS,medium,2026-08-03T12:47:00+00:00,2026-08-03T12:52:00+00:00,2026-08-03T22:25:00+00:00,false_positive,False,,
AL-000363,CSE-006,AST-006-2,malware,critical,2026-08-30T10:00:00+00:00,2026-08-30T10:00:00+00:00,2026-08-30T13:00:00+00:00,true_positive,False,,
AL-000364,CSE-007,AST-007-2,phishing,high,2026-08-19T18:57:00+00:00,2026-08-19T19:02:00+00:00,2026-08-20T01:42:00+00:00,true_positive,False,,
AL-000365,CSE-007,AST-007-1,malware,low,2026-08-08T21:21:00+00:00,2026-08-08T21:26:00+00:00,2026-08-09T01:49:00+00:00,benign,False,,
AL-000366,CSE-007,AST-007-1,DoS,high,2026-08-08T19:55:00+00:00,2026-08-08T20:00:00+00:00,2026-08-09T03:46:00+00:00,true_positive,False,,
AL-000367,CSE-007,AST-007-1,phishing,low,2026-08-07T05:31:00+00:00,2026-08-07T05:36:00+00:00,2026-08-07T07:54:00+00:00,false_positive,False,,
AL-000368,CSE-007,AST-007-3,DoS,high,2026-08-25T00:26:00+00:00,2026-08-25T00:31:00+00:00,2026-08-25T09:08:00+00:00,true_positive,False,,
AL-000369,CSE-007,AST-007-1,malware,medium,2026-08-20T03:04:00+00:00,2026-08-20T03:09:00+00:00,2026-08-20T11:17:00+00:00,false_positive,False,,
AL-000370,CSE-007,AST-007-2,malware,low,2026-08-21T13:25:00+00:00,2026-08-21T13:30:00+00:00,2026-08-21T20:46:00+00:00,benign,False,,
AL-000371,CSE-007,AST-007-3,malware,medium,2026-08-28T11:20:00+00:00,2026-08-28T11:25:00+00:00,2026-08-28T14:29:00+00:00,benign,False,,
AL-000372,CSE-007,AST-007-3,intrusion,medium,2026-08-06T20:43:00+00:00,2026-08-06T20:48:00+00:00,2026-08-07T01:40:00+00:00,false_positive,False,,
AL-000373,CSE-007,AST-007-2,phishing,low,2026-08-20T00:53:00+00:00,2026-08-20T00:58:00+00:00,2026-08-20T03:57:00+00:00,false_positive,False,,
AL-000374,CSE-007,AST-007-2,malware,high,2026-08-23T12:19:00+00:00,2026-08-23T12:24:00+00:00,2026-08-23T22:08:00+00:00,false_positive,False,,
AL-000375,CSE-007,AST-007-3,malware,low,2026-08-30T01:58:00+00:00,2026-08-30T02:03:00+00:00,2026-08-30T06:54:00+00:00,false_positive,False,,
AL-000376,CSE-007,AST-007-3,malware,critical,2026-08-14T20:38:00+00:00,2026-08-14T20:43:00+00:00,2026-08-15T05:50:00+00:00,benign,False,,
AL-000377,CSE-007,AST-007-3,DoS,critical,2026-08-05T08:27:00+00:00,2026-08-05T08:32:00+00:00,2026-08-05T13:55:00+00:00,benign,False,,
AL-000378,CSE-007,AST-007-3,malware,medium,2026-08-15T21:02:00+00:00,2026-08-15T21:07:00+00:00,2026-08-16T05:09:00+00:00,true_positive,False,,
AL-000379,CSE-007,AST-007-2,phishing,medium,2026-08-13T15:53:00+00:00,2026-08-13T15:58:00+00:00,2026-08-13T21:10:00+00:00,false_positive,False,,
AL-000380,CSE-007,AST-007-2,malware,high,2026-08-08T08:38:00+00:00,2026-08-08T08:43:00+00:00,2026-08-08T18:28:00+00:00,false_positive,False,,
AL-000381,CSE-007,AST-007-1,DoS,high,2026-08-07T12:05:00+00:00,2026-08-07T12:10:00+00:00,2026-08-07T19:13:00+00:00,benign,False,,
AL-000382,CSE-007,AST-007-3,phishing,medium,2026-08-25T20:25:00+00:00,2026-08-25T20:30:00+00:00,2026-08-26T00:14:00+00:00,false_positive,False,,
AL-000383,CSE-007,AST-007-2,intrusion,low,2026-08-12T06:17:00+00:00,2026-08-12T06:22:00+00:00,2026-08-12T15:43:00+00:00,false_positive,False,,
AL-000384,CSE-007,AST-007-2,DoS,low,2026-08-24T06:04:00+00:00,2026-08-24T06:09:00+00:00,2026-08-24T08:35:00+00:00,true_positive,False,,
AL-000385,CSE-007,AST-007-2,phishing,high,2026-08-08T07:11:00+00:00,2026-08-08T07:16:00+00:00,2026-08-08T14:36:00+00:00,true_positive,False,,
AL-000386,CSE-007,AST-007-3,malware,high,2026-08-25T09:53:00+00:00,2026-08-25T09:58:00+00:00,2026-08-25T17:44:00+00:00,benign,False,,
AL-000387,CSE-007,AST-007-3,intrusion,high,2026-08-21T19:37:00+00:00,2026-08-21T19:42:00+00:00,2026-08-22T02:45:00+00:00,false_positive,False,,
AL-000388,CSE-007,AST-007-2,phishing,low,2026-08-02T12:42:00+00:00,2026-08-02T12:47:00+00:00,2026-08-02T13:44:00+00:00,false_positive,False,,
AL-000389,CSE-007,AST-007-3,DoS,high,2026-08-23T03:54:00+00:00,2026-08-23T03:59:00+00:00,2026-08-23T12:12:00+00:00,false_positive,False,,
AL-000390,CSE-007,AST-007-2,DoS,low,2026-08-06T02:38:00+00:00,2026-08-06T02:43:00+00:00,2026-08-06T05:33:00+00:00,benign,False,,
AL-000391,CSE-007,AST-007-3,DoS,low,2026-08-04T21:28:00+00:00,2026-08-04T21:33:00+00:00,2026-08-04T22:48:00+00:00,false_positive,False,,
AL-000392,CSE-007,AST-007-1,intrusion,medium,2026-08-08T05:45:00+00:00,2026-08-08T05:50:00+00:00,2026-08-08T07:33:00+00:00,benign,False,,
AL-000393,CSE-007,AST-007-2,intrusion,low,2026-08-23T15:21:00+00:00,2026-08-23T15:26:00+00:00,2026-08-23T18:02:00+00:00,false_positive,False,,
AL-000394,CSE-007,AST-007-1,DoS,medium,2026-08-09T00:14:00+00:00,2026-08-09T00:19:00+00:00,2026-08-09T08:59:00+00:00,benign,False,,
AL-000395,CSE-007,AST-007-1,malware,medium,2026-08-25T17:18:00+00:00,2026-08-25T17:23:00+00:00,2026-08-25T22:00:00+00:00,unresolved,False,,
AL-000396,CSE-007,AST-007-3,malware,high,2026-08-01T16:53:00+00:00,2026-08-01T16:58:00+00:00,2026-08-02T01:55:00+00:00,false_positive,False,,
AL-000397,CSE-007,AST-007-2,malware,low,2026-08-24T16:25:00+00:00,2026-08-24T16:30:00+00:00,2026-08-24T21:02:00+00:00,false_positive,False,,
AL-000398,CSE-007,AST-007-2,intrusion,high,2026-08-07T09:57:00+00:00,2026-08-07T10:02:00+00:00,2026-08-07T17:35:00+00:00,false_positive,False,,
AL-000399,CSE-007,AST-007-2,intrusion,low,2026-08-27T01:29:00+00:00,2026-08-27T01:34:00+00:00,2026-08-27T04:46:00+00:00,unresolved,False,,
AL-000400,CSE-007,AST-007-1,malware,high,2026-08-03T12:46:00+00:00,2026-08-03T12:51:00+00:00,2026-08-03T21:03:00+00:00,true_positive,False,,
AL-000401,CSE-007,AST-007-3,intrusion,medium,2026-08-25T19:18:00+00:00,2026-08-25T19:23:00+00:00,2026-08-26T00:12:00+00:00,true_positive,False,,
AL-000402,CSE-007,AST-007-2,malware,high,2026-08-03T21:30:00+00:00,2026-08-03T21:35:00+00:00,2026-08-04T03:21:00+00:00,false_positive,False,,
AL-000403,CSE-007,AST-007-2,DoS,low,2026-08-05T14:39:00+00:00,2026-08-05T14:44:00+00:00,2026-08-05T23:27:00+00:00,benign,False,,
AL-000404,CSE-007,AST-007-1,DoS,high,2026-08-13T00:39:00+00:00,2026-08-13T00:44:00+00:00,2026-08-13T09:38:00+00:00,benign,False,,
AL-000405,CSE-007,AST-007-1,DoS,high,2026-08-17T16:55:00+00:00,2026-08-17T17:00:00+00:00,2026-08-18T00:43:00+00:00,benign,False,,
AL-000406,CSE-007,AST-007-3,malware,low,2026-08-25T19:47:00+00:00,2026-08-25T19:52:00+00:00,2026-08-26T03:31:00+00:00,true_positive,False,,
AL-000407,CSE-007,AST-007-3,intrusion,medium,2026-08-21T13:10:00+00:00,2026-08-21T13:15:00+00:00,2026-08-21T18:41:00+00:00,benign,False,,
AL-000408,CSE-007,AST-007-3,intrusion,high,2026-08-06T08:51:00+00:00,2026-08-06T08:56:00+00:00,2026-08-06T18:01:00+00:00,benign,False,,
AL-000409,CSE-007,AST-007-1,intrusion,medium,2026-08-10T20:08:00+00:00,2026-08-10T20:13:00+00:00,2026-08-11T04:18:00+00:00,benign,False,,
AL-000410,CSE-007,AST-007-2,intrusion,high,2026-08-02T15:25:00+00:00,2026-08-02T15:30:00+00:00,2026-08-02T23:32:00+00:00,unresolved,False,,
AL-000411,CSE-007,AST-007-1,malware,medium,2026-08-20T04:33:00+00:00,2026-08-20T04:38:00+00:00,2026-08-20T11:17:00+00:00,unresolved,False,,
AL-000412,CSE-007,AST-007-2,phishing,high,2026-08-13T04:14:00+00:00,2026-08-13T04:19:00+00:00,2026-08-13T12:29:00+00:00,benign,False,,
AL-000413,CSE-007,AST-007-1,DoS,critical,2026-08-19T09:35:00+00:00,2026-08-19T09:40:00+00:00,2026-08-19T17:42:00+00:00,false_positive,False,,
AL-000414,CSE-007,AST-007-3,DoS,medium,2026-08-24T11:36:00+00:00,2026-08-24T11:41:00+00:00,2026-08-24T15:37:00+00:00,benign,False,,
AL-000415,CSE-007,AST-007-1,phishing,low,2026-08-03T00:14:00+00:00,2026-08-03T00:19:00+00:00,2026-08-03T01:27:00+00:00,benign,False,,
AL-000416,CSE-007,AST-007-3,DoS,low,2026-08-12T22:38:00+00:00,2026-08-12T22:43:00+00:00,2026-08-13T04:05:00+00:00,false_positive,False,,
AL-000417,CSE-007,AST-007-3,malware,medium,2026-08-08T17:43:00+00:00,2026-08-08T17:48:00+00:00,2026-08-08T18:59:00+00:00,unresolved,False,,
AL-000418,CSE-007,AST-007-1,phishing,low,2026-08-20T01:34:00+00:00,2026-08-20T01:39:00+00:00,2026-08-20T09:18:00+00:00,benign,False,,
AL-000419,CSE-007,AST-007-2,DoS,low,2026-08-09T04:37:00+00:00,2026-08-09T04:42:00+00:00,2026-08-09T13:35:00+00:00,false_positive,False,,
AL-000420,CSE-007,AST-007-2,DoS,low,2026-08-07T07:52:00+00:00,2026-08-07T07:57:00+00:00,2026-08-07T11:04:00+00:00,true_positive,False,,
AL-000421,CSE-007,AST-007-3,phishing,medium,2026-08-17T15:59:00+00:00,2026-08-17T16:04:00+00:00,2026-08-17T23:22:00+00:00,benign,False,,
AL-000422,CSE-007,AST-007-1,malware,medium,2026-08-27T12:26:00+00:00,2026-08-27T12:31:00+00:00,2026-08-27T17:43:00+00:00,benign,False,,
AL-000423,CSE-007,AST-007-3,malware,high,2026-08-29T23:58:00+00:00,2026-08-30T00:03:00+00:00,2026-08-30T05:52:00+00:00,benign,False,,
AL-000424,CSE-008,AST-008-3,intrusion,critical,2026-08-26T09:51:00+00:00,2026-08-26T09:56:00+00:00,2026-08-26T17:57:00+00:00,unresolved,False,,
AL-000425,CSE-008,AST-008-1,malware,low,2026-08-06T11:48:00+00:00,2026-08-06T11:53:00+00:00,2026-08-06T14:19:00+00:00,true_positive,False,,
AL-000426,CSE-008,AST-008-1,phishing,critical,2026-08-19T11:14:00+00:00,2026-08-19T11:19:00+00:00,2026-08-19T20:16:00+00:00,true_positive,True,2026-08-19T11:44:00+00:00,
AL-000427,CSE-008,AST-008-3,intrusion,medium,2026-08-06T12:14:00+00:00,2026-08-06T12:19:00+00:00,2026-08-06T13:59:00+00:00,benign,False,,
AL-000428,CSE-008,AST-008-2,intrusion,medium,2026-08-04T22:01:00+00:00,2026-08-04T22:06:00+00:00,2026-08-05T02:58:00+00:00,benign,False,,
AL-000429,CSE-008,AST-008-2,intrusion,low,2026-08-17T12:37:00+00:00,2026-08-17T12:42:00+00:00,2026-08-17T15:07:00+00:00,true_positive,False,,
AL-000430,CSE-008,AST-008-1,DoS,low,2026-08-07T09:36:00+00:00,2026-08-07T09:41:00+00:00,2026-08-07T14:23:00+00:00,false_positive,False,,
AL-000431,CSE-008,AST-008-3,DoS,low,2026-08-06T01:56:00+00:00,2026-08-06T02:01:00+00:00,2026-08-06T11:30:00+00:00,benign,False,,
AL-000432,CSE-008,AST-008-2,phishing,high,2026-08-28T05:54:00+00:00,2026-08-28T05:59:00+00:00,2026-08-28T13:26:00+00:00,true_positive,False,,
AL-000433,CSE-008,AST-008-1,intrusion,low,2026-08-11T15:16:00+00:00,2026-08-11T15:21:00+00:00,2026-08-12T00:27:00+00:00,false_positive,False,,
AL-000434,CSE-008,AST-008-1,phishing,medium,2026-08-20T15:55:00+00:00,2026-08-20T16:00:00+00:00,2026-08-20T21:54:00+00:00,benign,False,,
AL-000435,CSE-008,AST-008-2,phishing,medium,2026-08-03T16:23:00+00:00,2026-08-03T16:28:00+00:00,2026-08-03T18:35:00+00:00,benign,False,,
AL-000436,CSE-008,AST-008-2,malware,medium,2026-08-12T19:52:00+00:00,2026-08-12T19:57:00+00:00,2026-08-12T21:31:00+00:00,false_positive,False,,
AL-000437,CSE-008,AST-008-3,malware,medium,2026-08-01T14:44:00+00:00,2026-08-01T14:49:00+00:00,2026-08-01T17:44:00+00:00,benign,False,,
AL-000438,CSE-008,AST-008-3,intrusion,medium,2026-08-05T23:35:00+00:00,2026-08-05T23:40:00+00:00,2026-08-06T08:03:00+00:00,benign,False,,
AL-000439,CSE-008,AST-008-3,intrusion,medium,2026-08-14T19:49:00+00:00,2026-08-14T19:54:00+00:00,2026-08-15T01:18:00+00:00,unresolved,False,,
AL-000440,CSE-008,AST-008-1,malware,medium,2026-08-02T16:33:00+00:00,2026-08-02T16:38:00+00:00,2026-08-02T22:18:00+00:00,benign,False,,
AL-000441,CSE-008,AST-008-2,intrusion,medium,2026-08-18T14:44:00+00:00,2026-08-18T14:49:00+00:00,2026-08-18T20:22:00+00:00,unresolved,False,,
AL-000442,CSE-008,AST-008-2,intrusion,critical,2026-08-14T08:04:00+00:00,2026-08-14T08:09:00+00:00,2026-08-14T14:36:00+00:00,true_positive,True,2026-08-14T08:34:00+00:00,
AL-000443,CSE-008,AST-008-1,intrusion,low,2026-08-24T05:02:00+00:00,2026-08-24T05:07:00+00:00,2026-08-24T11:19:00+00:00,false_positive,False,,
AL-000444,CSE-008,AST-008-3,malware,high,2026-08-08T04:37:00+00:00,2026-08-08T04:42:00+00:00,2026-08-08T12:19:00+00:00,false_positive,False,,
AL-000445,CSE-008,AST-008-1,intrusion,low,2026-08-27T10:32:00+00:00,2026-08-27T10:37:00+00:00,2026-08-27T20:00:00+00:00,benign,False,,
AL-000446,CSE-008,AST-008-1,malware,medium,2026-08-19T00:53:00+00:00,2026-08-19T00:58:00+00:00,2026-08-19T07:39:00+00:00,benign,False,,
AL-000447,CSE-008,AST-008-2,DoS,medium,2026-08-23T06:01:00+00:00,2026-08-23T06:06:00+00:00,2026-08-23T15:10:00+00:00,benign,False,,
AL-000448,CSE-008,AST-008-2,intrusion,low,2026-08-20T01:27:00+00:00,2026-08-20T01:32:00+00:00,2026-08-20T11:26:00+00:00,false_positive,False,,
AL-000449,CSE-008,AST-008-1,DoS,medium,2026-08-10T17:11:00+00:00,2026-08-10T17:16:00+00:00,2026-08-10T20:32:00+00:00,unresolved,False,,
AL-000450,CSE-008,AST-008-2,DoS,medium,2026-08-27T07:54:00+00:00,2026-08-27T07:59:00+00:00,2026-08-27T13:38:00+00:00,benign,False,,
AL-000451,CSE-008,AST-008-1,intrusion,medium,2026-08-21T03:36:00+00:00,2026-08-21T03:41:00+00:00,2026-08-21T06:26:00+00:00,benign,False,,
AL-000452,CSE-008,AST-008-2,phishing,critical,2026-08-03T06:41:00+00:00,2026-08-03T06:46:00+00:00,2026-08-03T13:52:00+00:00,benign,False,,
AL-000453,CSE-008,AST-008-1,malware,low,2026-08-07T08:17:00+00:00,2026-08-07T08:22:00+00:00,2026-08-07T09:37:00+00:00,false_positive,False,,
AL-000454,CSE-008,AST-008-2,phishing,medium,2026-08-14T05:42:00+00:00,2026-08-14T05:47:00+00:00,2026-08-14T11:52:00+00:00,false_positive,False,,
AL-000455,CSE-008,AST-008-1,intrusion,low,2026-08-08T18:35:00+00:00,2026-08-08T18:40:00+00:00,2026-08-08T23:24:00+00:00,true_positive,False,,
AL-000456,CSE-008,AST-008-1,DoS,high,2026-08-25T00:40:00+00:00,2026-08-25T00:45:00+00:00,2026-08-25T07:27:00+00:00,false_positive,False,,
AL-000457,CSE-008,AST-008-1,malware,low,2026-08-01T22:41:00+00:00,2026-08-01T22:46:00+00:00,2026-08-02T04:40:00+00:00,false_positive,False,,
AL-000458,CSE-008,AST-008-1,malware,low,2026-08-23T02:21:00+00:00,2026-08-23T02:26:00+00:00,2026-08-23T09:15:00+00:00,true_positive,False,,
AL-000459,CSE-008,AST-008-1,malware,low,2026-08-03T17:31:00+00:00,2026-08-03T17:36:00+00:00,2026-08-03T23:45:00+00:00,benign,False,,
AL-000460,CSE-008,AST-008-2,malware,medium,2026-08-15T10:49:00+00:00,2026-08-15T10:54:00+00:00,2026-08-15T17:16:00+00:00,false_positive,False,,
AL-000461,CSE-008,AST-008-3,phishing,high,2026-08-17T09:30:00+00:00,2026-08-17T09:35:00+00:00,2026-08-17T17:38:00+00:00,true_positive,False,,
AL-000462,CSE-008,AST-008-1,DoS,medium,2026-08-04T06:53:00+00:00,2026-08-04T06:58:00+00:00,2026-08-04T14:01:00+00:00,true_positive,False,,
AL-000463,CSE-008,AST-008-3,intrusion,high,2026-08-11T08:39:00+00:00,2026-08-11T08:44:00+00:00,2026-08-11T15:33:00+00:00,unresolved,False,,
AL-000464,CSE-008,AST-008-3,malware,medium,2026-08-14T06:34:00+00:00,2026-08-14T06:39:00+00:00,2026-08-14T10:16:00+00:00,false_positive,False,,
AL-000465,CSE-008,AST-008-2,malware,medium,2026-08-09T05:17:00+00:00,2026-08-09T05:22:00+00:00,2026-08-09T06:41:00+00:00,benign,False,,
AL-000466,CSE-008,AST-008-2,DoS,medium,2026-08-21T01:32:00+00:00,2026-08-21T01:37:00+00:00,2026-08-21T06:29:00+00:00,benign,False,,
AL-000467,CSE-008,AST-008-3,phishing,high,2026-08-15T08:40:00+00:00,2026-08-15T08:45:00+00:00,2026-08-15T17:36:00+00:00,false_positive,False,,
AL-000468,CSE-008,AST-008-1,phishing,low,2026-08-13T00:02:00+00:00,2026-08-13T00:07:00+00:00,2026-08-13T02:38:00+00:00,false_positive,False,,
AL-000469,CSE-008,AST-008-1,phishing,medium,2026-08-17T07:24:00+00:00,2026-08-17T07:29:00+00:00,2026-08-17T09:08:00+00:00,benign,False,,
AL-000470,CSE-008,AST-008-3,intrusion,low,2026-08-03T15:44:00+00:00,2026-08-03T15:49:00+00:00,2026-08-03T22:12:00+00:00,true_positive,False,,
AL-000471,CSE-008,AST-008-3,DoS,critical,2026-08-03T16:14:00+00:00,2026-08-03T16:19:00+00:00,2026-08-04T00:15:00+00:00,benign,False,,
AL-000472,CSE-008,AST-008-3,malware,critical,2026-08-24T19:27:00+00:00,2026-08-24T19:32:00+00:00,2026-08-25T03:55:00+00:00,true_positive,True,2026-08-24T19:57:00+00:00,
AL-000473,CSE-008,AST-008-2,phishing,medium,2026-08-05T20:33:00+00:00,2026-08-05T20:38:00+00:00,2026-08-06T05:59:00+00:00,false_positive,False,,
AL-000474,CSE-008,AST-008-3,phishing,low,2026-08-13T22:00:00+00:00,2026-08-13T22:05:00+00:00,2026-08-14T04:57:00+00:00,true_positive,False,,
AL-000475,CSE-008,AST-008-2,intrusion,high,2026-08-09T08:05:00+00:00,2026-08-09T08:10:00+00:00,2026-08-09T17:07:00+00:00,false_positive,False,,
AL-000476,CSE-008,AST-008-3,intrusion,high,2026-08-03T14:12:00+00:00,2026-08-03T14:17:00+00:00,2026-08-03T22:59:00+00:00,true_positive,False,,
AL-000477,CSE-008,AST-008-3,malware,medium,2026-08-24T03:11:00+00:00,2026-08-24T03:16:00+00:00,2026-08-24T09:31:00+00:00,benign,False,,
AL-000478,CSE-008,AST-008-3,malware,high,2026-08-24T06:12:00+00:00,2026-08-24T06:17:00+00:00,2026-08-24T14:10:00+00:00,benign,False,,
AL-000479,CSE-008,AST-008-2,phishing,critical,2026-08-13T09:29:00+00:00,2026-08-13T09:34:00+00:00,2026-08-13T17:34:00+00:00,benign,False,,
AL-000480,CSE-008,AST-008-1,DoS,low,2026-08-01T20:50:00+00:00,2026-08-01T20:55:00+00:00,2026-08-02T01:53:00+00:00,benign,False,,
AL-000481,CSE-008,AST-008-2,malware,low,2026-08-20T15:33:00+00:00,2026-08-20T15:38:00+00:00,2026-08-20T20:17:00+00:00,benign,False,,
AL-000482,CSE-008,AST-008-3,intrusion,low,2026-08-22T05:34:00+00:00,2026-08-22T05:39:00+00:00,2026-08-22T06:47:00+00:00,false_positive,False,,
AL-000483,CSE-008,AST-008-3,malware,medium,2026-08-06T01:28:00+00:00,2026-08-06T01:33:00+00:00,2026-08-06T09:40:00+00:00,benign,False,,
AL-000484,CSE-009,AST-009-2,malware,high,2026-08-27T03:21:00+00:00,2026-08-27T03:26:00+00:00,2026-08-27T10:45:00+00:00,true_positive,False,,
AL-000485,CSE-009,AST-009-2,malware,low,2026-08-25T01:48:00+00:00,2026-08-25T01:53:00+00:00,2026-08-25T08:59:00+00:00,false_positive,False,,
AL-000486,CSE-009,AST-009-2,intrusion,medium,2026-08-24T09:52:00+00:00,2026-08-24T09:57:00+00:00,2026-08-24T14:50:00+00:00,false_positive,False,,
AL-000487,CSE-009,AST-009-2,phishing,medium,2026-08-18T03:42:00+00:00,2026-08-18T03:47:00+00:00,2026-08-18T04:59:00+00:00,false_positive,False,,
AL-000488,CSE-009,AST-009-2,intrusion,low,2026-08-08T11:15:00+00:00,2026-08-08T11:20:00+00:00,2026-08-08T13:13:00+00:00,false_positive,False,,
AL-000489,CSE-009,AST-009-2,malware,high,2026-08-21T02:42:00+00:00,2026-08-21T02:47:00+00:00,2026-08-21T10:43:00+00:00,false_positive,False,,
AL-000490,CSE-009,AST-009-3,DoS,low,2026-08-13T06:55:00+00:00,2026-08-13T07:00:00+00:00,2026-08-13T13:36:00+00:00,false_positive,False,,
AL-000491,CSE-009,AST-009-3,intrusion,low,2026-08-18T06:48:00+00:00,2026-08-18T06:53:00+00:00,2026-08-18T08:40:00+00:00,unresolved,False,,
AL-000492,CSE-009,AST-009-3,DoS,medium,2026-08-29T20:31:00+00:00,2026-08-29T20:36:00+00:00,2026-08-29T23:44:00+00:00,false_positive,False,,
AL-000493,CSE-009,AST-009-3,phishing,medium,2026-08-07T15:52:00+00:00,2026-08-07T15:57:00+00:00,2026-08-07T19:17:00+00:00,unresolved,False,,
AL-000494,CSE-009,AST-009-3,DoS,medium,2026-08-29T06:32:00+00:00,2026-08-29T06:37:00+00:00,2026-08-29T16:10:00+00:00,true_positive,False,,
AL-000495,CSE-009,AST-009-2,DoS,critical,2026-08-20T17:57:00+00:00,2026-08-20T18:02:00+00:00,2026-08-21T01:51:00+00:00,false_positive,False,,
AL-000496,CSE-009,AST-009-2,intrusion,medium,2026-08-15T15:21:00+00:00,2026-08-15T15:26:00+00:00,2026-08-15T19:15:00+00:00,unresolved,False,,
AL-000497,CSE-009,AST-009-3,intrusion,low,2026-08-29T23:03:00+00:00,2026-08-29T23:08:00+00:00,2026-08-30T01:13:00+00:00,unresolved,False,,
AL-000498,CSE-009,AST-009-2,DoS,low,2026-08-07T15:02:00+00:00,2026-08-07T15:07:00+00:00,2026-08-07T20:34:00+00:00,false_positive,False,,
AL-000499,CSE-009,AST-009-3,phishing,critical,2026-08-09T07:42:00+00:00,2026-08-09T07:47:00+00:00,2026-08-09T15:49:00+00:00,false_positive,False,,
AL-000500,CSE-009,AST-009-2,DoS,medium,2026-08-05T13:46:00+00:00,2026-08-05T13:51:00+00:00,2026-08-05T15:55:00+00:00,benign,False,,
AL-000501,CSE-009,AST-009-3,phishing,medium,2026-08-19T04:39:00+00:00,2026-08-19T04:44:00+00:00,2026-08-19T13:51:00+00:00,true_positive,False,,
AL-000502,CSE-009,AST-009-2,phishing,low,2026-08-21T18:14:00+00:00,2026-08-21T18:19:00+00:00,2026-08-21T22:51:00+00:00,true_positive,False,,
AL-000503,CSE-009,AST-009-3,phishing,low,2026-08-10T18:42:00+00:00,2026-08-10T18:47:00+00:00,2026-08-11T00:15:00+00:00,false_positive,False,,
AL-000504,CSE-009,AST-009-3,phishing,low,2026-08-20T04:47:00+00:00,2026-08-20T04:52:00+00:00,2026-08-20T08:30:00+00:00,false_positive,False,,
AL-000505,CSE-009,AST-009-2,DoS,high,2026-08-20T00:33:00+00:00,2026-08-20T00:38:00+00:00,2026-08-20T09:09:00+00:00,true_positive,False,,
AL-000506,CSE-009,AST-009-3,malware,low,2026-08-18T01:17:00+00:00,2026-08-18T01:22:00+00:00,2026-08-18T05:22:00+00:00,false_positive,False,,
AL-000507,CSE-009,AST-009-2,DoS,high,2026-08-02T21:02:00+00:00,2026-08-02T21:07:00+00:00,2026-08-03T05:04:00+00:00,benign,False,,
AL-000508,CSE-009,AST-009-3,phishing,medium,2026-08-03T07:55:00+00:00,2026-08-03T08:00:00+00:00,2026-08-03T10:16:00+00:00,benign,False,,
AL-000509,CSE-009,AST-009-2,DoS,low,2026-08-01T17:01:00+00:00,2026-08-01T17:06:00+00:00,2026-08-01T22:45:00+00:00,false_positive,False,,
AL-000510,CSE-009,AST-009-3,malware,low,2026-08-15T00:52:00+00:00,2026-08-15T00:57:00+00:00,2026-08-15T05:54:00+00:00,true_positive,False,,
AL-000511,CSE-009,AST-009-2,DoS,low,2026-08-03T14:21:00+00:00,2026-08-03T14:26:00+00:00,2026-08-03T17:40:00+00:00,true_positive,False,,
AL-000512,CSE-009,AST-009-2,intrusion,low,2026-08-23T12:48:00+00:00,2026-08-23T12:53:00+00:00,2026-08-23T21:13:00+00:00,false_positive,False,,
AL-000513,CSE-009,AST-009-2,intrusion,medium,2026-08-24T21:43:00+00:00,2026-08-24T21:48:00+00:00,2026-08-25T02:28:00+00:00,false_positive,False,,
AL-000514,CSE-009,AST-009-2,intrusion,low,2026-08-20T23:46:00+00:00,2026-08-20T23:51:00+00:00,2026-08-21T06:12:00+00:00,true_positive,False,,
AL-000515,CSE-009,AST-009-3,phishing,critical,2026-08-08T13:23:00+00:00,2026-08-08T13:28:00+00:00,2026-08-08T22:05:00+00:00,false_positive,False,,
AL-000516,CSE-009,AST-009-2,intrusion,high,2026-08-03T10:25:00+00:00,2026-08-03T10:30:00+00:00,2026-08-03T18:35:00+00:00,benign,False,,
AL-000517,CSE-009,AST-009-3,DoS,medium,2026-08-04T12:44:00+00:00,2026-08-04T12:49:00+00:00,2026-08-04T14:49:00+00:00,benign,False,,
AL-000518,CSE-009,AST-009-2,DoS,critical,2026-08-21T13:19:00+00:00,2026-08-21T13:24:00+00:00,2026-08-21T19:39:00+00:00,unresolved,False,,
AL-000519,CSE-009,AST-009-3,DoS,medium,2026-08-29T10:45:00+00:00,2026-08-29T10:50:00+00:00,2026-08-29T12:35:00+00:00,true_positive,False,,
AL-000520,CSE-009,AST-009-2,malware,medium,2026-08-09T01:31:00+00:00,2026-08-09T01:36:00+00:00,2026-08-09T09:42:00+00:00,benign,False,,
AL-000521,CSE-009,AST-009-3,intrusion,medium,2026-08-08T16:39:00+00:00,2026-08-08T16:44:00+00:00,2026-08-08T20:07:00+00:00,true_positive,False,,
AL-000522,CSE-009,AST-009-2,DoS,medium,2026-08-17T02:02:00+00:00,2026-08-17T02:07:00+00:00,2026-08-17T05:25:00+00:00,false_positive,False,,
AL-000523,CSE-009,AST-009-2,phishing,high,2026-08-25T03:10:00+00:00,2026-08-25T03:15:00+00:00,2026-08-25T11:52:00+00:00,false_positive,False,,
AL-000524,CSE-009,AST-009-2,malware,medium,2026-08-15T22:16:00+00:00,2026-08-15T22:21:00+00:00,2026-08-16T03:28:00+00:00,false_positive,False,,
AL-000525,CSE-009,AST-009-3,intrusion,medium,2026-08-26T02:21:00+00:00,2026-08-26T02:26:00+00:00,2026-08-26T08:49:00+00:00,false_positive,False,,
AL-000526,CSE-009,AST-009-3,intrusion,low,2026-08-06T14:34:00+00:00,2026-08-06T14:39:00+00:00,2026-08-06T21:35:00+00:00,benign,False,,
AL-000527,CSE-009,AST-009-3,malware,high,2026-08-02T10:34:00+00:00,2026-08-02T10:39:00+00:00,2026-08-02T18:14:00+00:00,false_positive,False,,
AL-000528,CSE-009,AST-009-2,DoS,medium,2026-08-23T22:12:00+00:00,2026-08-23T22:17:00+00:00,2026-08-24T06:33:00+00:00,false_positive,False,,
AL-000529,CSE-009,AST-009-2,malware,medium,2026-08-03T05:43:00+00:00,2026-08-03T05:48:00+00:00,2026-08-03T07:45:00+00:00,benign,False,,
AL-000530,CSE-009,AST-009-3,intrusion,high,2026-08-20T17:30:00+00:00,2026-08-20T17:35:00+00:00,2026-08-21T01:09:00+00:00,false_positive,False,,
AL-000531,CSE-009,AST-009-2,intrusion,medium,2026-08-23T00:03:00+00:00,2026-08-23T00:08:00+00:00,2026-08-23T04:27:00+00:00,unresolved,False,,
AL-000532,CSE-009,AST-009-2,intrusion,low,2026-08-04T13:17:00+00:00,2026-08-04T13:22:00+00:00,2026-08-04T16:37:00+00:00,benign,False,,
AL-000533,CSE-009,AST-009-2,phishing,medium,2026-08-09T16:14:00+00:00,2026-08-09T16:19:00+00:00,2026-08-09T21:28:00+00:00,true_positive,False,,
AL-000534,CSE-009,AST-009-3,DoS,medium,2026-08-01T12:10:00+00:00,2026-08-01T12:15:00+00:00,2026-08-01T15:59:00+00:00,false_positive,False,,
AL-000535,CSE-009,AST-009-2,phishing,low,2026-08-03T18:03:00+00:00,2026-08-03T18:08:00+00:00,2026-08-04T03:08:00+00:00,unresolved,False,,
AL-000536,CSE-009,AST-009-2,phishing,low,2026-08-03T00:33:00+00:00,2026-08-03T00:38:00+00:00,2026-08-03T04:29:00+00:00,false_positive,False,,
AL-000537,CSE-009,AST-009-3,intrusion,low,2026-08-18T10:22:00+00:00,2026-08-18T10:27:00+00:00,2026-08-18T16:19:00+00:00,false_positive,False,,
AL-000538,CSE-009,AST-009-2,malware,low,2026-08-10T01:08:00+00:00,2026-08-10T01:13:00+00:00,2026-08-10T07:27:00+00:00,benign,False,,
AL-000539,CSE-009,AST-009-2,DoS,medium,2026-08-20T16:03:00+00:00,2026-08-20T16:08:00+00:00,2026-08-20T21:03:00+00:00,unresolved,False,,
AL-000540,CSE-009,AST-009-3,intrusion,high,2026-08-08T19:03:00+00:00,2026-08-08T19:08:00+00:00,2026-08-09T02:56:00+00:00,false_positive,False,,
AL-000541,CSE-009,AST-009-2,intrusion,low,2026-08-05T06:55:00+00:00,2026-08-05T07:00:00+00:00,2026-08-05T12:45:00+00:00,true_positive,False,,
AL-000542,CSE-009,AST-009-3,intrusion,medium,2026-08-14T17:48:00+00:00,2026-08-14T17:53:00+00:00,2026-08-14T21:05:00+00:00,true_positive,False,,
AL-000543,CSE-009,AST-009-3,phishing,medium,2026-08-21T14:10:00+00:00,2026-08-21T14:15:00+00:00,2026-08-21T20:48:00+00:00,false_positive,False,,
AL-000544,CSE-010,AST-010-1,DoS,medium,2026-08-01T13:43:00+00:00,2026-08-01T13:48:00+00:00,2026-08-01T21:39:00+00:00,benign,False,,
AL-000545,CSE-010,AST-010-2,phishing,high,2026-08-21T19:39:00+00:00,2026-08-21T19:44:00+00:00,2026-08-22T04:03:00+00:00,true_positive,False,,
AL-000546,CSE-010,AST-010-3,malware,medium,2026-08-18T01:21:00+00:00,2026-08-18T01:26:00+00:00,2026-08-18T07:11:00+00:00,false_positive,False,,
AL-000547,CSE-010,AST-010-1,malware,medium,2026-08-27T19:26:00+00:00,2026-08-27T19:31:00+00:00,2026-08-27T20:42:00+00:00,benign,False,,
AL-000548,CSE-010,AST-010-3,phishing,high,2026-08-15T18:40:00+00:00,2026-08-15T18:45:00+00:00,2026-08-16T01:18:00+00:00,benign,False,,
AL-000549,CSE-010,AST-010-3,malware,high,2026-08-17T13:24:00+00:00,2026-08-17T13:29:00+00:00,2026-08-17T20:23:00+00:00,true_positive,False,,
AL-000550,CSE-010,AST-010-3,intrusion,low,2026-08-14T08:54:00+00:00,2026-08-14T08:59:00+00:00,2026-08-14T11:18:00+00:00,benign,False,,
AL-000551,CSE-010,AST-010-2,intrusion,low,2026-08-18T07:32:00+00:00,2026-08-18T07:37:00+00:00,2026-08-18T16:36:00+00:00,benign,False,,
AL-000552,CSE-010,AST-010-3,malware,low,2026-08-24T13:46:00+00:00,2026-08-24T13:51:00+00:00,2026-08-24T19:13:00+00:00,benign,False,,
AL-000553,CSE-010,AST-010-3,phishing,low,2026-08-24T16:57:00+00:00,2026-08-24T17:02:00+00:00,2026-08-24T19:41:00+00:00,benign,False,,
AL-000554,CSE-010,AST-010-1,malware,low,2026-08-12T19:05:00+00:00,2026-08-12T19:10:00+00:00,2026-08-13T01:32:00+00:00,true_positive,False,,
AL-000555,CSE-010,AST-010-1,DoS,low,2026-08-09T08:59:00+00:00,2026-08-09T09:04:00+00:00,2026-08-09T18:04:00+00:00,benign,False,,
AL-000556,CSE-010,AST-010-3,intrusion,high,2026-08-02T23:36:00+00:00,2026-08-02T23:41:00+00:00,2026-08-03T08:13:00+00:00,false_positive,False,,
AL-000557,CSE-010,AST-010-1,phishing,medium,2026-08-27T19:42:00+00:00,2026-08-27T19:47:00+00:00,2026-08-27T23:37:00+00:00,false_positive,False,,
AL-000558,CSE-010,AST-010-3,malware,critical,2026-08-12T03:23:00+00:00,2026-08-12T03:28:00+00:00,2026-08-12T10:39:00+00:00,false_positive,False,,
AL-000559,CSE-010,AST-010-1,malware,medium,2026-08-25T06:14:00+00:00,2026-08-25T06:19:00+00:00,2026-08-25T08:33:00+00:00,true_positive,False,,
AL-000560,CSE-010,AST-010-3,DoS,medium,2026-08-08T08:13:00+00:00,2026-08-08T08:18:00+00:00,2026-08-08T14:45:00+00:00,true_positive,False,,
AL-000561,CSE-010,AST-010-1,intrusion,medium,2026-08-28T13:23:00+00:00,2026-08-28T13:28:00+00:00,2026-08-28T21:05:00+00:00,false_positive,False,,
AL-000562,CSE-010,AST-010-1,intrusion,low,2026-08-01T21:44:00+00:00,2026-08-01T21:49:00+00:00,2026-08-01T23:50:00+00:00,benign,False,,
AL-000563,CSE-010,AST-010-2,intrusion,medium,2026-08-16T01:24:00+00:00,2026-08-16T01:29:00+00:00,2026-08-16T03:47:00+00:00,benign,False,,
AL-000564,CSE-010,AST-010-3,DoS,medium,2026-08-26T11:33:00+00:00,2026-08-26T11:38:00+00:00,2026-08-26T13:24:00+00:00,benign,False,,
AL-000565,CSE-010,AST-010-1,phishing,medium,2026-08-19T18:47:00+00:00,2026-08-19T18:52:00+00:00,2026-08-20T01:39:00+00:00,true_positive,False,,
AL-000566,CSE-010,AST-010-1,malware,high,2026-08-28T11:53:00+00:00,2026-08-28T11:58:00+00:00,2026-08-28T19:29:00+00:00,benign,False,,
AL-000567,CSE-010,AST-010-3,DoS,high,2026-08-01T18:37:00+00:00,2026-08-01T18:42:00+00:00,2026-08-02T02:09:00+00:00,true_positive,False,,
AL-000568,CSE-010,AST-010-3,intrusion,high,2026-08-28T20:50:00+00:00,2026-08-28T20:55:00+00:00,2026-08-29T02:18:00+00:00,false_positive,False,,
AL-000569,CSE-010,AST-010-3,DoS,medium,2026-08-22T05:37:00+00:00,2026-08-22T05:42:00+00:00,2026-08-22T13:46:00+00:00,false_positive,False,,
AL-000570,CSE-010,AST-010-1,malware,high,2026-08-18T20:53:00+00:00,2026-08-18T20:58:00+00:00,2026-08-19T05:08:00+00:00,false_positive,False,,
AL-000571,CSE-010,AST-010-3,DoS,medium,2026-08-04T19:07:00+00:00,2026-08-04T19:12:00+00:00,2026-08-05T04:23:00+00:00,false_positive,False,,
AL-000572,CSE-010,AST-010-2,intrusion,medium,2026-08-18T08:41:00+00:00,2026-08-18T08:46:00+00:00,2026-08-18T12:49:00+00:00,false_positive,False,,
AL-000573,CSE-010,AST-010-1,malware,low,2026-08-21T00:29:00+00:00,2026-08-21T00:34:00+00:00,2026-08-21T08:22:00+00:00,false_positive,False,,
AL-000574,CSE-010,AST-010-2,phishing,high,2026-08-26T03:39:00+00:00,2026-08-26T03:44:00+00:00,2026-08-26T12:59:00+00:00,true_positive,False,,
AL-000575,CSE-010,AST-010-2,malware,low,2026-08-02T10:53:00+00:00,2026-08-02T10:58:00+00:00,2026-08-02T19:30:00+00:00,true_positive,False,,
AL-000576,CSE-010,AST-010-1,intrusion,high,2026-08-27T05:00:00+00:00,2026-08-27T05:05:00+00:00,2026-08-27T15:32:00+00:00,true_positive,False,,
AL-000577,CSE-010,AST-010-2,DoS,low,2026-08-08T19:21:00+00:00,2026-08-08T19:26:00+00:00,2026-08-09T03:59:00+00:00,benign,False,,
AL-000578,CSE-010,AST-010-2,DoS,low,2026-08-20T02:00:00+00:00,2026-08-20T02:05:00+00:00,2026-08-20T05:45:00+00:00,unresolved,False,,
AL-000579,CSE-010,AST-010-1,phishing,low,2026-08-23T00:42:00+00:00,2026-08-23T00:47:00+00:00,2026-08-23T06:14:00+00:00,false_positive,False,,
AL-000580,CSE-010,AST-010-2,DoS,high,2026-08-13T04:53:00+00:00,2026-08-13T04:58:00+00:00,2026-08-13T12:50:00+00:00,benign,False,,
AL-000581,CSE-010,AST-010-3,intrusion,medium,2026-08-24T14:21:00+00:00,2026-08-24T14:26:00+00:00,2026-08-24T17:34:00+00:00,false_positive,False,,
AL-000582,CSE-010,AST-010-2,intrusion,medium,2026-08-15T00:13:00+00:00,2026-08-15T00:18:00+00:00,2026-08-15T09:36:00+00:00,unresolved,False,,
AL-000583,CSE-010,AST-010-2,malware,medium,2026-08-24T18:57:00+00:00,2026-08-24T19:02:00+00:00,2026-08-25T00:47:00+00:00,true_positive,False,,
AL-000584,CSE-010,AST-010-3,malware,low,2026-08-02T04:13:00+00:00,2026-08-02T04:18:00+00:00,2026-08-02T09:57:00+00:00,unresolved,False,,
AL-000585,CSE-010,AST-010-1,DoS,high,2026-08-27T15:36:00+00:00,2026-08-27T15:41:00+00:00,2026-08-28T01:03:00+00:00,benign,False,,
AL-000586,CSE-010,AST-010-3,intrusion,low,2026-08-09T10:55:00+00:00,2026-08-09T11:00:00+00:00,2026-08-09T12:25:00+00:00,benign,False,,
AL-000587,CSE-010,AST-010-2,intrusion,high,2026-08-08T12:54:00+00:00,2026-08-08T12:59:00+00:00,2026-08-08T21:37:00+00:00,benign,False,,
AL-000588,CSE-010,AST-010-3,intrusion,critical,2026-08-03T18:30:00+00:00,2026-08-03T18:35:00+00:00,2026-08-04T01:01:00+00:00,benign,False,,
AL-000589,CSE-010,AST-010-1,malware,high,2026-08-17T19:46:00+00:00,2026-08-17T19:51:00+00:00,2026-08-18T01:58:00+00:00,true_positive,False,,
AL-000590,CSE-010,AST-010-1,malware,medium,2026-08-10T11:00:00+00:00,2026-08-10T11:05:00+00:00,2026-08-10T16:51:00+00:00,benign,False,,
AL-000591,CSE-010,AST-010-2,phishing,medium,2026-08-16T12:30:00+00:00,2026-08-16T12:35:00+00:00,2026-08-16T17:08:00+00:00,benign,False,,
AL-000592,CSE-010,AST-010-3,phishing,medium,2026-08-12T11:30:00+00:00,2026-08-12T11:35:00+00:00,2026-08-12T18:58:00+00:00,benign,False,,
AL-000593,CSE-010,AST-010-1,intrusion,medium,2026-08-03T01:06:00+00:00,2026-08-03T01:11:00+00:00,2026-08-03T06:56:00+00:00,true_positive,False,,
AL-000594,CSE-010,AST-010-2,intrusion,high,2026-08-06T00:25:00+00:00,2026-08-06T00:30:00+00:00,2026-08-06T07:55:00+00:00,true_positive,False,,
AL-000595,CSE-010,AST-010-3,intrusion,low,2026-08-13T07:47:00+00:00,2026-08-13T07:52:00+00:00,2026-08-13T08:55:00+00:00,benign,False,,
AL-000596,CSE-010,AST-010-2,DoS,medium,2026-08-13T06:58:00+00:00,2026-08-13T07:03:00+00:00,2026-08-13T10:37:00+00:00,false_positive,False,,
AL-000597,CSE-010,AST-010-1,malware,high,2026-08-05T10:35:00+00:00,2026-08-05T10:40:00+00:00,2026-08-05T18:19:00+00:00,false_positive,False,,
AL-000598,CSE-010,AST-010-3,DoS,low,2026-08-07T19:12:00+00:00,2026-08-07T19:17:00+00:00,2026-08-07T21:29:00+00:00,false_positive,False,,
AL-000599,CSE-010,AST-010-1,intrusion,low,2026-08-19T10:21:00+00:00,2026-08-19T10:26:00+00:00,2026-08-19T15:53:00+00:00,true_positive,False,,
AL-000600,CSE-010,AST-010-3,DoS,medium,2026-08-29T10:12:00+00:00,2026-08-29T10:17:00+00:00,2026-08-29T18:32:00+00:00,benign,False,,
AL-000601,CSE-010,AST-010-1,intrusion,medium,2026-08-13T20:52:00+00:00,2026-08-13T20:57:00+00:00,2026-08-13T22:51:00+00:00,unresolved,False,,
AL-000602,CSE-010,AST-010-1,DoS,critical,2026-08-24T22:02:00+00:00,2026-08-24T22:07:00+00:00,2026-08-25T06:05:00+00:00,false_positive,False,,
AL-000603,CSE-010,AST-010-3,malware,low,2026-08-14T11:38:00+00:00,2026-08-14T11:43:00+00:00,2026-08-14T19:21:00+00:00,false_positive,False,,
AL-000604,CSE-010,AST-010-2,intrusion,high,2026-08-30T11:00:00+00:00,2026-08-30T11:00:00+00:00,2026-08-30T11:02:00+00:00,true_positive,True,2026-08-30T11:01:00+00:00,
AL-000605,CSE-011,AST-011-3,phishing,medium,2026-08-29T12:26:00+00:00,2026-08-29T12:31:00+00:00,2026-08-29T20:23:00+00:00,benign,False,,
AL-000606,CSE-011,AST-011-3,malware,low,2026-08-22T11:05:00+00:00,2026-08-22T11:10:00+00:00,2026-08-22T17:28:00+00:00,unresolved,False,,
AL-000607,CSE-011,AST-011-2,DoS,medium,2026-08-15T01:27:00+00:00,2026-08-15T01:32:00+00:00,2026-08-15T10:22:00+00:00,false_positive,False,,
AL-000608,CSE-011,AST-011-1,intrusion,low,2026-08-27T00:52:00+00:00,2026-08-27T00:57:00+00:00,2026-08-27T08:11:00+00:00,benign,False,,
AL-000609,CSE-011,AST-011-2,intrusion,low,2026-08-26T06:31:00+00:00,2026-08-26T06:36:00+00:00,2026-08-26T15:44:00+00:00,true_positive,False,,
AL-000610,CSE-011,AST-011-2,intrusion,medium,2026-08-25T18:25:00+00:00,2026-08-25T18:30:00+00:00,2026-08-26T02:41:00+00:00,benign,False,,
AL-000611,CSE-011,AST-011-3,DoS,low,2026-08-04T01:07:00+00:00,2026-08-04T01:12:00+00:00,2026-08-04T10:46:00+00:00,benign,False,,
AL-000612,CSE-011,AST-011-2,phishing,medium,2026-08-06T10:58:00+00:00,2026-08-06T11:03:00+00:00,2026-08-06T16:48:00+00:00,benign,False,,
AL-000613,CSE-011,AST-011-3,malware,low,2026-08-10T11:25:00+00:00,2026-08-10T11:30:00+00:00,2026-08-10T12:44:00+00:00,benign,False,,
AL-000614,CSE-011,AST-011-1,intrusion,medium,2026-08-07T20:06:00+00:00,2026-08-07T20:11:00+00:00,2026-08-08T00:04:00+00:00,false_positive,False,,
AL-000615,CSE-011,AST-011-2,malware,medium,2026-08-15T19:00:00+00:00,2026-08-15T19:05:00+00:00,2026-08-16T00:40:00+00:00,false_positive,False,,
AL-000616,CSE-011,AST-011-3,phishing,medium,2026-08-15T04:50:00+00:00,2026-08-15T04:55:00+00:00,2026-08-15T06:15:00+00:00,true_positive,False,,
AL-000617,CSE-011,AST-011-2,malware,low,2026-08-21T05:31:00+00:00,2026-08-21T05:36:00+00:00,2026-08-21T11:28:00+00:00,false_positive,False,,
AL-000618,CSE-011,AST-011-3,malware,critical,2026-08-11T19:58:00+00:00,2026-08-11T20:03:00+00:00,2026-08-12T03:27:00+00:00,benign,False,,
AL-000619,CSE-011,AST-011-3,phishing,medium,2026-08-23T14:09:00+00:00,2026-08-23T14:14:00+00:00,2026-08-23T17:30:00+00:00,true_positive,False,,
AL-000620,CSE-011,AST-011-3,intrusion,high,2026-08-12T15:50:00+00:00,2026-08-12T15:55:00+00:00,2026-08-13T00:09:00+00:00,benign,False,,
AL-000621,CSE-011,AST-011-1,malware,low,2026-08-19T00:21:00+00:00,2026-08-19T00:26:00+00:00,2026-08-19T07:53:00+00:00,benign,False,,
AL-000622,CSE-011,AST-011-2,intrusion,low,2026-08-01T15:06:00+00:00,2026-08-01T15:11:00+00:00,2026-08-01T22:01:00+00:00,benign,False,,
AL-000623,CSE-011,AST-011-2,DoS,medium,2026-08-06T12:34:00+00:00,2026-08-06T12:39:00+00:00,2026-08-06T14:59:00+00:00,benign,False,,
AL-000624,CSE-011,AST-011-3,intrusion,low,2026-08-05T14:10:00+00:00,2026-08-05T14:15:00+00:00,2026-08-05T16:24:00+00:00,true_positive,False,,
AL-000625,CSE-011,AST-011-1,phishing,low,2026-08-06T06:01:00+00:00,2026-08-06T06:06:00+00:00,2026-08-06T13:30:00+00:00,true_positive,False,,
AL-000626,CSE-011,AST-011-1,malware,low,2026-08-17T14:07:00+00:00,2026-08-17T14:12:00+00:00,2026-08-17T16:57:00+00:00,false_positive,False,,
AL-000627,CSE-011,AST-011-3,malware,high,2026-08-18T19:57:00+00:00,2026-08-18T20:02:00+00:00,2026-08-19T04:05:00+00:00,benign,False,,
AL-000628,CSE-011,AST-011-1,DoS,high,2026-08-06T18:30:00+00:00,2026-08-06T18:35:00+00:00,2026-08-07T01:00:00+00:00,false_positive,False,,
AL-000629,CSE-011,AST-011-2,intrusion,critical,2026-08-03T04:02:00+00:00,2026-08-03T04:07:00+00:00,2026-08-03T12:24:00+00:00,benign,False,,
AL-000630,CSE-011,AST-011-2,phishing,low,2026-08-10T00:54:00+00:00,2026-08-10T00:59:00+00:00,2026-08-10T08:40:00+00:00,true_positive,False,,
AL-000631,CSE-011,AST-011-1,DoS,medium,2026-08-07T04:35:00+00:00,2026-08-07T04:40:00+00:00,2026-08-07T07:40:00+00:00,false_positive,False,,
AL-000632,CSE-011,AST-011-1,intrusion,medium,2026-08-03T18:51:00+00:00,2026-08-03T18:56:00+00:00,2026-08-04T03:13:00+00:00,benign,False,,
AL-000633,CSE-011,AST-011-2,DoS,low,2026-08-26T13:54:00+00:00,2026-08-26T13:59:00+00:00,2026-08-26T19:20:00+00:00,benign,False,,
AL-000634,CSE-011,AST-011-3,phishing,high,2026-08-03T23:56:00+00:00,2026-08-04T00:01:00+00:00,2026-08-04T09:09:00+00:00,false_positive,False,,
AL-000635,CSE-011,AST-011-2,intrusion,medium,2026-08-03T11:28:00+00:00,2026-08-03T11:33:00+00:00,2026-08-03T13:48:00+00:00,false_positive,False,,
AL-000636,CSE-011,AST-011-1,phishing,low,2026-08-20T13:33:00+00:00,2026-08-20T13:38:00+00:00,2026-08-20T20:34:00+00:00,true_positive,False,,
AL-000637,CSE-011,AST-011-1,intrusion,high,2026-08-16T02:24:00+00:00,2026-08-16T02:29:00+00:00,2026-08-16T10:19:00+00:00,false_positive,False,,
AL-000638,CSE-011,AST-011-2,malware,low,2026-08-23T11:53:00+00:00,2026-08-23T11:58:00+00:00,2026-08-23T17:03:00+00:00,benign,False,,
AL-000639,CSE-011,AST-011-3,intrusion,high,2026-08-09T19:38:00+00:00,2026-08-09T19:43:00+00:00,2026-08-10T03:56:00+00:00,benign,False,,
AL-000640,CSE-011,AST-011-1,phishing,high,2026-08-22T01:26:00+00:00,2026-08-22T01:31:00+00:00,2026-08-22T10:43:00+00:00,benign,False,,
AL-000641,CSE-011,AST-011-3,intrusion,critical,2026-08-25T13:46:00+00:00,2026-08-25T13:51:00+00:00,2026-08-25T22:11:00+00:00,benign,False,,
AL-000642,CSE-011,AST-011-3,intrusion,medium,2026-08-08T21:47:00+00:00,2026-08-08T21:52:00+00:00,2026-08-09T06:58:00+00:00,false_positive,False,,
AL-000643,CSE-011,AST-011-1,phishing,low,2026-08-14T02:27:00+00:00,2026-08-14T02:32:00+00:00,2026-08-14T10:18:00+00:00,benign,False,,
AL-000644,CSE-011,AST-011-1,phishing,medium,2026-08-19T00:00:00+00:00,2026-08-19T00:05:00+00:00,2026-08-19T06:05:00+00:00,false_positive,False,,
AL-000645,CSE-011,AST-011-2,intrusion,high,2026-08-07T03:10:00+00:00,2026-08-07T03:15:00+00:00,2026-08-07T11:55:00+00:00,benign,False,,
AL-000646,CSE-011,AST-011-2,intrusion,medium,2026-08-21T17:58:00+00:00,2026-08-21T18:03:00+00:00,2026-08-22T00:29:00+00:00,false_positive,False,,
AL-000647,CSE-011,AST-011-3,DoS,medium,2026-08-21T12:44:00+00:00,2026-08-21T12:49:00+00:00,2026-08-21T18:58:00+00:00,false_positive,False,,
AL-000648,CSE-011,AST-011-2,DoS,low,2026-08-10T08:30:00+00:00,2026-08-10T08:35:00+00:00,2026-08-10T16:12:00+00:00,benign,False,,
AL-000649,CSE-011,AST-011-3,phishing,medium,2026-08-22T13:57:00+00:00,2026-08-22T14:02:00+00:00,2026-08-22T16:19:00+00:00,false_positive,False,,
AL-000650,CSE-011,AST-011-2,phishing,medium,2026-08-20T01:21:00+00:00,2026-08-20T01:26:00+00:00,2026-08-20T04:29:00+00:00,false_positive,False,,
AL-000651,CSE-011,AST-011-1,DoS,medium,2026-08-25T16:30:00+00:00,2026-08-25T16:35:00+00:00,2026-08-26T02:02:00+00:00,benign,False,,
AL-000652,CSE-011,AST-011-2,malware,low,2026-08-16T02:47:00+00:00,2026-08-16T02:52:00+00:00,2026-08-16T11:39:00+00:00,benign,False,,
AL-000653,CSE-011,AST-011-2,malware,high,2026-08-03T03:11:00+00:00,2026-08-03T03:16:00+00:00,2026-08-03T10:38:00+00:00,false_positive,False,,
AL-000654,CSE-011,AST-011-2,DoS,high,2026-08-19T06:03:00+00:00,2026-08-19T06:08:00+00:00,2026-08-19T13:10:00+00:00,false_positive,False,,
AL-000655,CSE-011,AST-011-3,DoS,low,2026-08-21T11:31:00+00:00,2026-08-21T11:36:00+00:00,2026-08-21T14:35:00+00:00,benign,False,,
AL-000656,CSE-011,AST-011-1,DoS,low,2026-08-28T08:47:00+00:00,2026-08-28T08:52:00+00:00,2026-08-28T12:00:00+00:00,true_positive,False,,
AL-000657,CSE-011,AST-011-2,malware,medium,2026-08-02T14:47:00+00:00,2026-08-02T14:52:00+00:00,2026-08-02T17:49:00+00:00,unresolved,False,,
AL-000658,CSE-011,AST-011-1,intrusion,medium,2026-08-18T05:46:00+00:00,2026-08-18T05:51:00+00:00,2026-08-18T11:46:00+00:00,benign,False,,
AL-000659,CSE-011,AST-011-3,DoS,low,2026-08-11T03:22:00+00:00,2026-08-11T03:27:00+00:00,2026-08-11T08:03:00+00:00,benign,False,,
AL-000660,CSE-011,AST-011-3,malware,medium,2026-08-21T13:45:00+00:00,2026-08-21T13:50:00+00:00,2026-08-21T15:58:00+00:00,benign,False,,
AL-000661,CSE-011,AST-011-2,intrusion,medium,2026-08-09T23:33:00+00:00,2026-08-09T23:38:00+00:00,2026-08-10T03:14:00+00:00,false_positive,False,,
AL-000662,CSE-011,AST-011-1,phishing,low,2026-08-13T07:00:00+00:00,2026-08-13T07:05:00+00:00,2026-08-13T12:08:00+00:00,false_positive,False,,
AL-000663,CSE-011,AST-011-2,malware,low,2026-08-27T19:05:00+00:00,2026-08-27T19:10:00+00:00,2026-08-28T01:15:00+00:00,benign,False,,
AL-000664,CSE-011,AST-011-1,malware,medium,2026-08-24T07:40:00+00:00,2026-08-24T07:45:00+00:00,2026-08-24T15:32:00+00:00,benign,False,,
AL-000665,CSE-012,AST-012-3,malware,medium,2026-08-08T01:00:00+00:00,2026-08-08T01:05:00+00:00,2026-08-08T03:40:00+00:00,true_positive,False,,
AL-000666,CSE-012,AST-012-3,intrusion,high,2026-08-29T11:36:00+00:00,2026-08-29T11:41:00+00:00,2026-08-29T18:39:00+00:00,benign,False,,
AL-000667,CSE-012,AST-012-2,phishing,high,2026-08-07T08:56:00+00:00,2026-08-07T09:01:00+00:00,2026-08-07T17:48:00+00:00,benign,False,,
AL-000668,CSE-012,AST-012-2,malware,high,2026-08-17T19:59:00+00:00,2026-08-17T20:04:00+00:00,2026-08-18T04:46:00+00:00,false_positive,False,,
AL-000669,CSE-012,AST-012-1,DoS,critical,2026-08-28T09:35:00+00:00,2026-08-28T09:40:00+00:00,2026-08-28T17:46:00+00:00,benign,False,,
AL-000670,CSE-012,AST-012-1,DoS,low,2026-08-06T19:47:00+00:00,2026-08-06T19:52:00+00:00,2026-08-07T05:42:00+00:00,benign,False,,
AL-000671,CSE-012,AST-012-1,phishing,high,2026-08-26T00:42:00+00:00,2026-08-26T00:47:00+00:00,2026-08-26T07:39:00+00:00,benign,False,,
AL-000672,CSE-012,AST-012-1,DoS,low,2026-08-15T14:14:00+00:00,2026-08-15T14:19:00+00:00,2026-08-15T19:58:00+00:00,true_positive,False,,
AL-000673,CSE-012,AST-012-2,DoS,medium,2026-08-27T12:06:00+00:00,2026-08-27T12:11:00+00:00,2026-08-27T15:05:00+00:00,true_positive,False,,
AL-000674,CSE-012,AST-012-2,intrusion,medium,2026-08-10T10:27:00+00:00,2026-08-10T10:32:00+00:00,2026-08-10T17:52:00+00:00,unresolved,False,,
AL-000675,CSE-012,AST-012-1,DoS,high,2026-08-19T07:46:00+00:00,2026-08-19T07:51:00+00:00,2026-08-19T14:36:00+00:00,benign,False,,
AL-000676,CSE-012,AST-012-3,intrusion,medium,2026-08-07T01:34:00+00:00,2026-08-07T01:39:00+00:00,2026-08-07T10:11:00+00:00,benign,False,,
AL-000677,CSE-012,AST-012-3,phishing,high,2026-08-15T00:22:00+00:00,2026-08-15T00:27:00+00:00,2026-08-15T10:37:00+00:00,false_positive,False,,
AL-000678,CSE-012,AST-012-1,phishing,medium,2026-08-28T17:20:00+00:00,2026-08-28T17:25:00+00:00,2026-08-28T23:48:00+00:00,false_positive,False,,
AL-000679,CSE-012,AST-012-1,malware,high,2026-08-20T23:11:00+00:00,2026-08-20T23:16:00+00:00,2026-08-21T08:08:00+00:00,true_positive,False,,
AL-000680,CSE-012,AST-012-2,malware,medium,2026-08-24T16:05:00+00:00,2026-08-24T16:10:00+00:00,2026-08-25T00:56:00+00:00,true_positive,False,,
AL-000681,CSE-012,AST-012-1,intrusion,low,2026-08-16T16:35:00+00:00,2026-08-16T16:40:00+00:00,2026-08-16T22:36:00+00:00,benign,False,,
AL-000682,CSE-012,AST-012-2,malware,low,2026-08-27T08:29:00+00:00,2026-08-27T08:34:00+00:00,2026-08-27T17:47:00+00:00,benign,False,,
AL-000683,CSE-012,AST-012-3,malware,critical,2026-08-05T00:33:00+00:00,2026-08-05T00:38:00+00:00,2026-08-05T08:03:00+00:00,false_positive,False,,
AL-000684,CSE-012,AST-012-3,intrusion,high,2026-08-24T02:54:00+00:00,2026-08-24T02:59:00+00:00,2026-08-24T09:13:00+00:00,false_positive,False,,
AL-000685,CSE-012,AST-012-2,DoS,high,2026-08-14T15:33:00+00:00,2026-08-14T15:38:00+00:00,2026-08-15T00:04:00+00:00,benign,False,,
AL-000686,CSE-012,AST-012-2,malware,low,2026-08-11T15:44:00+00:00,2026-08-11T15:49:00+00:00,2026-08-11T21:26:00+00:00,true_positive,False,,
AL-000687,CSE-012,AST-012-2,DoS,medium,2026-08-07T16:18:00+00:00,2026-08-07T16:23:00+00:00,2026-08-07T22:11:00+00:00,false_positive,False,,
AL-000688,CSE-012,AST-012-1,malware,medium,2026-08-24T10:15:00+00:00,2026-08-24T10:20:00+00:00,2026-08-24T19:13:00+00:00,true_positive,False,,
AL-000689,CSE-012,AST-012-2,intrusion,medium,2026-08-08T05:49:00+00:00,2026-08-08T05:54:00+00:00,2026-08-08T12:25:00+00:00,false_positive,False,,
AL-000690,CSE-012,AST-012-3,intrusion,low,2026-08-06T20:44:00+00:00,2026-08-06T20:49:00+00:00,2026-08-07T02:33:00+00:00,unresolved,False,,
AL-000691,CSE-012,AST-012-3,DoS,medium,2026-08-11T08:03:00+00:00,2026-08-11T08:08:00+00:00,2026-08-11T10:50:00+00:00,false_positive,False,,
AL-000692,CSE-012,AST-012-1,intrusion,medium,2026-08-18T11:34:00+00:00,2026-08-18T11:39:00+00:00,2026-08-18T14:29:00+00:00,true_positive,False,,
AL-000693,CSE-012,AST-012-2,intrusion,low,2026-08-18T11:16:00+00:00,2026-08-18T11:21:00+00:00,2026-08-18T19:51:00+00:00,false_positive,False,,
AL-000694,CSE-012,AST-012-2,malware,low,2026-08-03T12:14:00+00:00,2026-08-03T12:19:00+00:00,2026-08-03T19:59:00+00:00,false_positive,False,,
AL-000695,CSE-012,AST-012-1,malware,low,2026-08-29T21:54:00+00:00,2026-08-29T21:59:00+00:00,2026-08-30T07:11:00+00:00,true_positive,False,,
AL-000696,CSE-012,AST-012-2,malware,medium,2026-08-22T12:54:00+00:00,2026-08-22T12:59:00+00:00,2026-08-22T16:52:00+00:00,true_positive,False,,
AL-000697,CSE-012,AST-012-2,intrusion,low,2026-08-25T19:21:00+00:00,2026-08-25T19:26:00+00:00,2026-08-25T23:10:00+00:00,false_positive,False,,
AL-000698,CSE-012,AST-012-1,intrusion,low,2026-08-14T14:19:00+00:00,2026-08-14T14:24:00+00:00,2026-08-14T19:00:00+00:00,unresolved,False,,
AL-000699,CSE-012,AST-012-1,phishing,low,2026-08-27T08:38:00+00:00,2026-08-27T08:43:00+00:00,2026-08-27T11:22:00+00:00,unresolved,False,,
AL-000700,CSE-012,AST-012-3,intrusion,medium,2026-08-12T14:07:00+00:00,2026-08-12T14:12:00+00:00,2026-08-12T20:00:00+00:00,true_positive,False,,
AL-000701,CSE-012,AST-012-2,malware,low,2026-08-02T05:45:00+00:00,2026-08-02T05:50:00+00:00,2026-08-02T14:33:00+00:00,false_positive,False,,
AL-000702,CSE-012,AST-012-2,intrusion,critical,2026-08-19T08:47:00+00:00,2026-08-19T08:52:00+00:00,2026-08-19T16:59:00+00:00,unresolved,False,,
AL-000703,CSE-012,AST-012-2,intrusion,critical,2026-08-11T03:51:00+00:00,2026-08-11T03:56:00+00:00,2026-08-11T12:22:00+00:00,unresolved,False,,
AL-000704,CSE-012,AST-012-1,phishing,high,2026-08-14T00:49:00+00:00,2026-08-14T00:54:00+00:00,2026-08-14T08:17:00+00:00,false_positive,False,,
AL-000705,CSE-012,AST-012-1,DoS,low,2026-08-27T01:46:00+00:00,2026-08-27T01:51:00+00:00,2026-08-27T06:52:00+00:00,false_positive,False,,
AL-000706,CSE-012,AST-012-1,DoS,high,2026-08-05T01:22:00+00:00,2026-08-05T01:27:00+00:00,2026-08-05T10:48:00+00:00,true_positive,False,,
AL-000707,CSE-012,AST-012-1,intrusion,medium,2026-08-25T19:55:00+00:00,2026-08-25T20:00:00+00:00,2026-08-26T02:21:00+00:00,benign,False,,
AL-000708,CSE-012,AST-012-2,phishing,medium,2026-08-10T15:57:00+00:00,2026-08-10T16:02:00+00:00,2026-08-10T21:13:00+00:00,benign,False,,
AL-000709,CSE-012,AST-012-2,DoS,low,2026-08-13T06:23:00+00:00,2026-08-13T06:28:00+00:00,2026-08-13T15:36:00+00:00,benign,False,,
AL-000710,CSE-012,AST-012-1,DoS,medium,2026-08-11T03:54:00+00:00,2026-08-11T03:59:00+00:00,2026-08-11T11:32:00+00:00,true_positive,False,,
AL-000711,CSE-012,AST-012-3,malware,low,2026-08-23T09:45:00+00:00,2026-08-23T09:50:00+00:00,2026-08-23T12:09:00+00:00,false_positive,False,,
AL-000712,CSE-012,AST-012-1,malware,low,2026-08-06T20:51:00+00:00,2026-08-06T20:56:00+00:00,2026-08-07T03:49:00+00:00,false_positive,False,,
AL-000713,CSE-012,AST-012-3,malware,high,2026-08-21T02:13:00+00:00,2026-08-21T02:18:00+00:00,2026-08-21T11:15:00+00:00,benign,False,,
AL-000714,CSE-012,AST-012-3,phishing,low,2026-08-27T18:46:00+00:00,2026-08-27T18:51:00+00:00,2026-08-28T02:45:00+00:00,benign,False,,
AL-000715,CSE-012,AST-012-1,malware,low,2026-08-24T19:17:00+00:00,2026-08-24T19:22:00+00:00,2026-08-24T23:18:00+00:00,true_positive,False,,
AL-000716,CSE-012,AST-012-3,phishing,high,2026-08-10T17:58:00+00:00,2026-08-10T18:03:00+00:00,2026-08-11T01:21:00+00:00,true_positive,False,,
AL-000717,CSE-012,AST-012-2,DoS,low,2026-08-13T07:51:00+00:00,2026-08-13T07:56:00+00:00,2026-08-13T17:11:00+00:00,false_positive,False,,
AL-000718,CSE-012,AST-012-1,malware,medium,2026-08-22T06:43:00+00:00,2026-08-22T06:48:00+00:00,2026-08-22T16:38:00+00:00,false_positive,False,,
AL-000719,CSE-012,AST-012-3,intrusion,low,2026-08-11T15:03:00+00:00,2026-08-11T15:08:00+00:00,2026-08-11T18:24:00+00:00,false_positive,False,,
AL-000720,CSE-012,AST-012-3,phishing,medium,2026-08-06T17:37:00+00:00,2026-08-06T17:42:00+00:00,2026-08-07T00:44:00+00:00,benign,False,,
AL-000721,CSE-012,AST-012-1,phishing,medium,2026-08-05T02:56:00+00:00,2026-08-05T03:01:00+00:00,2026-08-05T11:24:00+00:00,true_positive,False,,
AL-000722,CSE-012,AST-012-1,DoS,low,2026-08-12T22:03:00+00:00,2026-08-12T22:08:00+00:00,2026-08-13T05:45:00+00:00,true_positive,False,,
AL-000723,CSE-012,AST-012-2,DoS,low,2026-08-14T13:59:00+00:00,2026-08-14T14:04:00+00:00,2026-08-14T16:50:00+00:00,benign,False,,
AL-000724,CSE-012,AST-012-2,malware,low,2026-08-06T15:59:00+00:00,2026-08-06T16:04:00+00:00,2026-08-07T01:12:00+00:00,false_positive,False,,
